stichtag;jahr;stat_id;stat_name;HH_insgesamt;EinPersonenHaushalte;ZweiPersonenHaushalte;DreiOderMehrPersonenHaushalte;HH_keineKinder;Haushalt_mitKindern_insgesamt;HH_ein_Kind;HH_zwei_Kinder;HH_drei_oder_mehrKindern;HH_EhePaareohneKinder_evtl_weiterePersonen;HH_EhePaaremitKindern_evtl_weiterePersonen;HH_Alleinerziehende_ohne_weiterePersonen;HH_SonstigeMehrpersonenhaushalte
31122020;2020;5711000001;Alt- und Neustadt;1984;1427;394;163;1837;147;98;42;7;354;106;29;68
31122020;2020;5711000002;Kesselbrink;1869;1273;389;207;1707;162;84;47;31;337;124;26;109
31122020;2020;5711000003;Pauluskirche;2701;1725;584;392;2374;327;161;112;54;511;223;75;167
31122020;2020;5711000004;Dürkopp;1651;997;386;268;1422;229;131;66;32;344;171;44;95
31122020;2020;5711000005;Landgericht;2094;1333;488;273;1857;237;145;68;24;440;179;48;94
31122020;2020;5711000006;Siegfriedplatz (inkl. Upmannstift);6946;4246;1631;1069;6017;929;537;326;66;1481;705;180;334
31122020;2020;5711000007;Nordpark;2378;1525;484;369;2056;322;157;111;54;411;230;72;140
31122020;2020;5711000008;Stadtwerke;1641;1062;346;233;1444;197;103;50;44;312;128;58;81
31122020;2020;5711000009;Güterbahnhof-Ost;1411;751;379;281;1162;249;114;80;55;335;207;27;91
31122020;2020;5711000010;Hammer-Mühle;6314;3549;1582;1183;5289;1025;522;359;144;1403;778;207;377
31122020;2020;5711000011;Königsbrügge (i.Betriebs. Sieker);4731;2541;1296;894;3922;809;436;282;91;1162;573;195;260
31122020;2020;5711000012;Brands Busch;1503;833;395;275;1290;213;101;82;30;397;180;27;66
31122020;2020;5711000013;Stauteiche (inkl. Großmarkt);2418;1158;694;566;1951;467;226;165;76;668;340;106;146
31122020;2020;5711000014;Heeper Fichten;5929;3313;1512;1104;4964;965;487;315;163;1326;689;243;358
31122020;2020;5711000015;Fuhrpark (inkl. Kammerratsheide);1739;966;420;353;1426;313;147;105;61;366;232;70;105
31122020;2020;5711000016;Bauerschaft Schildesche;800;331;217;252;589;211;91;70;50;209;159;46;55
31122020;2020;5711000117;Vorwerk Schildesche;3294;1420;975;899;2553;741;342;274;125;956;583;132;203
31122020;2020;5711000118;Schildesche;1226;602;356;268;1017;209;101;71;37;352;163;35;74
31122020;2020;5711000119;Johannesstift;1934;916;553;465;1578;356;175;126;55;570;281;58;109
31122020;2020;5711000120;Sudbrack;4967;2759;1299;909;4238;729;378;256;95;1261;575;130;242
31122020;2020;5711000121;Untertheesen;2968;1457;868;643;2484;484;258;160;66;884;384;82;161
31122020;2020;5711000122;Bültmannskrug;983;496;303;184;849;134;64;49;21;319;115;15;38
31122020;2020;5711000123;Gellershagen;3657;2000;949;708;3013;644;374;204;66;846;482;143;186
31122020;2020;5711000124;Bültmannshof;2298;1085;706;507;1849;449;223;186;40;646;341;84;142
31122020;2020;5711000125;Universität (inkl. Sieben Hügel);1184;741;310;133;1081;103;40;45;18;312;97;4;30
31122020;2020;5711000226;Johannistal;1383;674;407;302;1135;248;136;78;34;402;202;39;66
31122020;2020;5711000227;Bethel;1179;692;284;203;1027;152;67;64;21;249;113;32;93
31122020;2020;5711000228;Eggeweg (inkl. Osningpaß);2661;1361;676;624;2189;472;227;173;72;671;397;64;168
31122020;2020;5711000329;Rosenhöhe;1384;651;421;312;1148;236;109;99;28;429;179;44;81
31122020;2020;5711000330;Kammerich;3436;1722;878;836;2739;697;352;236;109;839;540;126;209
31122020;2020;5711000331;Frerks Hof;1550;783;394;373;1279;271;134;86;51;418;194;60;95
31122020;2020;5711000332;Brackwede-Mitte;1324;672;383;269;1104;220;109;84;27;369;171;38;74
31122020;2020;5711000333;Bahnhof-Brackwede;1524;666;426;432;1202;322;156;103;63;437;241;70;110
31122020;2020;5711000334;Kupferhammer;610;248;195;167;480;130;61;56;13;206;94;32;30
31122020;2020;5711000335;Brock (inkl. Südwestfeld);2202;893;661;648;1727;475;219;174;82;712;389;72;136
31122020;2020;5711000336;Ummeln (inkl. Holtkamp);3374;1349;1087;938;2664;710;352;242;116;1105;546;144;230
31122020;2020;5711000337;Kupferheide;1087;308;340;439;758;329;154;123;52;386;282;34;77
31122020;2020;5711000338;Quelle;3057;1177;897;983;2316;741;350;288;103;988;596;111;185
31122020;2020;5711000439;Hoberge-Uerentrup (i. Wolfskuhle);1767;701;603;463;1399;368;177;157;34;625;316;43;82
31122020;2020;5711000440;Pappelkrug (inkl. Wellensiek);2723;1425;769;529;2286;437;212;166;59;740;333;84;141
31122020;2020;5711000441;Großdornberg (inkl. Kirchdornberg);1528;734;476;318;1288;240;121;94;25;484;190;40;80
31122020;2020;5711000442;Babenhausen-Ost;1011;513;321;177;867;144;69;65;10;315;123;16;44
31122020;2020;5711000443;Babenhausen;1563;645;469;449;1210;353;153;146;54;489;310;40;79
31122020;2020;5711000444;Niederdornberg-Schröttinghausen;1222;370;462;390;925;297;148;110;39;475;237;43;97
31122020;2020;5711000545;Jöllenbeck-West;2567;881;911;775;2004;563;271;232;60;969;466;74;177
31122020;2020;5711000546;Jöllenbeck-Ost;3804;1306;1214;1284;2836;968;403;374;191;1302;771;148;277
31122020;2020;5711000547;Theesen;2011;774;711;526;1639;372;187;136;49;783;308;53;93
31122020;2020;5711000548;Vilsendorf;1910;690;584;636;1443;467;195;198;74;663;403;50;104
31122020;2020;5711000649;Grafenheide;1975;688;614;673;1471;504;223;200;81;670;423;73;121
31122020;2020;5711000650;Lämmkenstatt;1370;451;469;450;1030;340;147;133;60;506;289;39;85
31122020;2020;5711000651;Welscher (inkl. Jerrendorf);796;330;249;217;624;172;96;50;26;247;140;24;55
31122020;2020;5711000652;Baumheide (inkl. Halhof);3390;1318;961;1111;2468;922;379;289;254;902;685;199;286
31122020;2020;5711000653;Milse;2518;767;777;974;1837;681;307;219;155;917;560;91;183
31122020;2020;5711000654;Altenhagen;2107;688;679;740;1555;552;248;198;106;719;433;99;168
31122020;2020;5711000655;Windwehe (inkl. Brönninghausen);2279;733;737;809;1724;555;243;223;89;859;487;57;143
31122020;2020;5711000656;Tieplatz;1177;546;377;254;977;200;104;58;38;356;155;32;88
31122020;2020;5711000657;Heeper Holz;3124;1327;1010;787;2492;632;349;210;73;993;499;117;188
31122020;2020;5711000658;Oldentrup-West (i. Oldentrup-Ost);2077;755;676;646;1579;498;219;168;111;707;395;86;134
31122020;2020;5711000759;Dingerdissen;1583;479;513;591;1159;424;194;172;58;611;354;47;92
31122020;2020;5711000760;Ubbedissen (inkl. Lämershagen);1393;464;451;478;1057;336;153;126;57;522;297;32;78
31122020;2020;5711000761;Hillegossen;2607;976;844;787;2028;579;288;197;94;895;459;95;182
31122020;2020;5711000762;Stieghorst stb;4610;1963;1443;1204;3648;962;466;327;169;1419;738;186;304
31122020;2020;5711000763;Sieker;2423;962;684;777;1760;663;271;218;174;649;490;141;181
31122020;2020;5711000764;Rütli (inkl. Lonnerbach);2237;1040;666;531;1848;389;172;147;70;677;305;66;149
31122020;2020;5711000865;Dalbke;913;268;283;362;664;249;111;90;48;347;215;25;58
31122020;2020;5711000866;Eckardtsheim;1545;593;463;489;1192;353;143;133;77;511;285;57;99
31122020;2020;5711000867;Südstadt;1959;770;598;591;1462;497;205;185;107;568;370;90;161
31122020;2020;5711000868;Sennestadt (Sennest.-I.,Wrachtr.L.);5614;2455;1642;1517;4387;1227;567;417;243;1621;940;229;369
31122020;2020;5711000969;Schillingshof;1414;552;501;361;1166;248;127;92;29;526;201;39;96
31122020;2020;5711000970;Buschkamp (inkl. Togdrang);3005;1039;998;968;2299;706;324;293;89;1101;608;81;176
31122020;2020;5711000971;Windelsbleiche;2985;1034;904;1047;2160;825;402;302;121;960;661;129;201
31122020;2020;5711000972;Windflöte;2149;863;630;656;1662;487;214;196;77;664;388;86;148
31122019;2019;5711000001;Alt- und Neustadt;1968;1400;395;173;1806;162;114;36;12;337;120;35;76
31122019;2019;5711000002;Kesselbrink;1968;1369;378;221;1798;170;93;46;31;340;137;22;100
31122019;2019;5711000003;Pauluskirche;2671;1716;559;396;2340;331;156;117;58;489;226;82;158
31122019;2019;5711000004;Dürkopp;1698;1047;393;258;1478;220;124;65;31;355;165;37;94
31122019;2019;5711000005;Landgericht;2143;1376;481;286;1901;242;159;62;21;436;182;46;103
31122019;2019;5711000006;Siegfriedplatz (inkl. Upmannstift);6992;4299;1627;1066;6057;935;548;321;66;1474;704;182;333
31122019;2019;5711000007;Nordpark;2433;1575;494;364;2117;316;146;117;53;425;227;70;136
31122019;2019;5711000008;Stadtwerke;1715;1110;366;239;1512;203;106;53;44;332;133;58;82
31122019;2019;5711000009;Güterbahnhof-Ost;1415;762;356;297;1149;266;121;86;59;320;219;32;82
31122019;2019;5711000010;Hammer-Mühle;6425;3625;1581;1219;5376;1049;548;348;153;1440;792;208;360
31122019;2019;5711000011;Königsbrügge (i.Betriebs. Sieker);4776;2594;1267;915;3941;835;451;276;108;1136;592;205;249
31122019;2019;5711000012;Brands Busch;1523;859;397;267;1312;211;104;76;31;387;172;34;71
31122019;2019;5711000013;Stauteiche (inkl. Großmarkt);2457;1198;693;566;1995;462;219;172;71;665;333;104;157
31122019;2019;5711000014;Heeper Fichten;5980;3390;1486;1104;5005;975;497;314;164;1290;700;235;365
31122019;2019;5711000015;Fuhrpark (inkl. Kammerratsheide);1754;976;430;348;1435;319;146;111;62;369;230;79;100
31122019;2019;5711000016;Bauerschaft Schildesche;827;354;233;240;619;208;92;70;46;211;154;50;58
31122019;2019;5711000117;Vorwerk Schildesche;3328;1419;992;917;2576;752;357;274;121;984;582;136;207
31122019;2019;5711000118;Schildesche;1237;606;362;269;1020;217;103;74;40;355;163;44;69
31122019;2019;5711000119;Johannesstift;1946;924;543;479;1564;382;190;133;59;549;301;64;108
31122019;2019;5711000120;Sudbrack;4943;2758;1273;912;4206;737;394;253;90;1232;568;146;239
31122019;2019;5711000121;Untertheesen;3011;1546;845;620;2521;490;277;153;60;841;379;94;151
31122019;2019;5711000122;Bültmannskrug;978;491;303;184;844;134;59;56;19;317;115;17;38
31122019;2019;5711000123;Gellershagen;3648;1990;942;716;3004;644;360;220;64;843;487;140;188
31122019;2019;5711000124;Bültmannshof;2351;1134;703;514;1911;440;210;189;41;658;338;80;141
31122019;2019;5711000125;Universität (inkl. Sieben Hügel);1275;782;362;131;1174;101;40;41;20;361;97;3;32
31122019;2019;5711000226;Johannistal;1414;701;413;300;1156;258;143;78;37;393;212;41;67
31122019;2019;5711000227;Bethel;1185;703;277;205;1037;148;71;59;18;246;106;35;95
31122019;2019;5711000228;Eggeweg (inkl. Osningpaß);2673;1394;666;613;2204;469;223;177;69;666;382;71;160
31122019;2019;5711000329;Rosenhöhe;1385;667;416;302;1158;227;105;93;29;428;173;40;77
31122019;2019;5711000330;Kammerich;3421;1689;884;848;2708;713;356;245;112;839;550;134;209
31122019;2019;5711000331;Frerks Hof;1571;797;408;366;1306;265;129;89;47;424;201;52;97
31122019;2019;5711000332;Brackwede-Mitte;1325;683;387;255;1110;215;120;70;25;370;163;43;66
31122019;2019;5711000333;Bahnhof-Brackwede;1576;722;424;430;1256;320;149;106;65;451;258;56;89
31122019;2019;5711000334;Kupferhammer;610;255;190;165;481;129;56;60;13;203;95;30;27
31122019;2019;5711000335;Brock (inkl. Südwestfeld);2197;899;652;646;1720;477;223;179;75;706;384;73;135
31122019;2019;5711000336;Ummeln (inkl. Holtkamp);3465;1423;1084;958;2744;721;359;245;117;1111;544;154;233
31122019;2019;5711000337;Kupferheide;1069;308;352;409;761;308;142;120;46;386;263;36;76
31122019;2019;5711000338;Quelle;3069;1190;911;968;2335;734;336;296;102;1004;595;110;170
31122019;2019;5711000439;Hoberge-Uerentrup (i. Wolfskuhle);1759;690;602;467;1383;376;185;159;32;613;324;43;89
31122019;2019;5711000440;Pappelkrug (inkl. Wellensiek);2683;1395;753;535;2240;443;207;176;60;718;327;89;154
31122019;2019;5711000441;Großdornberg (inkl. Kirchdornberg);1566;756;480;330;1307;259;135;95;29;485;203;48;74
31122019;2019;5711000442;Babenhausen-Ost;1026;516;335;175;877;149;71;69;9;313;121;23;53
31122019;2019;5711000443;Babenhausen;1542;642;464;436;1218;324;141;137;46;503;290;29;78
31122019;2019;5711000444;Niederdornberg-Schröttinghausen;1226;373;452;401;935;291;139;118;34;484;232;42;95
31122019;2019;5711000545;Jöllenbeck-West;2482;903;850;729;1982;500;257;201;42;927;421;59;172
31122019;2019;5711000546;Jöllenbeck-Ost;3793;1311;1222;1260;2855;938;399;368;171;1307;749;149;277
31122019;2019;5711000547;Theesen;1986;758;709;519;1610;376;191;141;44;766;314;50;98
31122019;2019;5711000548;Vilsendorf;1902;670;606;626;1446;456;189;195;72;683;384;56;109
31122019;2019;5711000649;Grafenheide;1962;701;589;672;1470;492;221;187;84;672;409;70;110
31122019;2019;5711000650;Lämmkenstatt;1380;464;477;439;1047;333;150;124;59;508;285;35;88
31122019;2019;5711000651;Welscher (inkl. Jerrendorf);807;336;237;234;625;182;96;58;28;239;150;25;57
31122019;2019;5711000652;Baumheide (inkl. Halhof);3446;1353;987;1106;2528;918;392;304;222;930;661;211;291
31122019;2019;5711000653;Milse;2529;767;803;959;1841;688;292;230;166;916;565;95;186
31122019;2019;5711000654;Altenhagen;2155;710;682;763;1589;566;262;195;109;749;445;96;155
31122019;2019;5711000655;Windwehe (inkl. Brönninghausen);2253;723;719;811;1674;579;258;227;94;833;505;61;131
31122019;2019;5711000656;Tieplatz;1147;558;331;258;947;200;98;70;32;325;149;38;77
31122019;2019;5711000657;Heeper Holz;3135;1340;1020;775;2514;621;368;191;62;1005;493;111;186
31122019;2019;5711000658;Oldentrup-West (i. Oldentrup-Ost);2095;769;654;672;1575;520;226;185;109;707;415;89;115
31122019;2019;5711000759;Dingerdissen;1577;487;495;595;1146;431;205;165;61;590;359;53;88
31122019;2019;5711000760;Ubbedissen (inkl. Lämershagen);1407;471;464;472;1070;337;160;126;51;529;297;30;80
31122019;2019;5711000761;Hillegossen;2589;987;818;784;2031;558;270;194;94;885;453;89;175
31122019;2019;5711000762;Stieghorst stb;4629;2007;1426;1196;3685;944;459;317;168;1425;716;193;288
31122019;2019;5711000763;Sieker;2449;977;675;797;1761;688;293;217;178;649;517;137;169
31122019;2019;5711000764;Rütli (inkl. Lonnerbach);2209;1044;638;527;1824;385;185;148;52;656;288;78;143
31122019;2019;5711000865;Dalbke;912;274;279;359;666;246;104;91;51;348;215;22;53
31122019;2019;5711000866;Eckardtsheim;1544;592;457;495;1184;360;150;133;77;508;292;58;94
31122019;2019;5711000867;Südstadt;1945;756;612;577;1456;489;209;185;95;580;364;93;152
31122019;2019;5711000868;Sennestadt (Sennest.-I.,Wrachtr.L.);5644;2485;1688;1471;4434;1210;572;415;223;1658;907;250;344
31122019;2019;5711000969;Schillingshof;1408;546;491;371;1162;246;126;91;29;529;205;33;95
31122019;2019;5711000970;Buschkamp (inkl. Togdrang);2981;1031;1004;946;2281;700;325;283;92;1087;613;77;173
31122019;2019;5711000971;Windelsbleiche;2973;1020;892;1061;2142;831;386;325;120;957;653;137;206
31122019;2019;5711000972;Windflöte;2175;883;634;658;1688;487;222;182;83;672;389;84;147
31122018;2018;5711000001;Alt- und Neustadt;2010;1435;392;183;1852;158;108;41;9;341;120;30;84
31122018;2018;5711000002;Kesselbrink;2039;1419;408;212;1868;171;97;50;24;358;131;32;99
31122018;2018;5711000003;Pauluskirche;2793;1808;579;406;2461;332;158;117;57;515;233;81;156
31122018;2018;5711000004;Dürkopp;1671;1036;383;252;1465;206;105;72;29;363;156;40;76
31122018;2018;5711000005;Landgericht;2141;1358;484;299;1882;259;168;70;21;441;188;54;100
31122018;2018;5711000006;Siegfriedplatz (inkl. Upmannstift);7000;4268;1658;1074;6068;932;531;324;77;1509;705;178;340
31122018;2018;5711000007;Nordpark;2475;1594;503;378;2152;323;173;101;49;438;224;80;139
31122018;2018;5711000008;Stadtwerke;1687;1084;370;233;1497;190;96;59;35;337;131;53;82
31122018;2018;5711000009;Güterbahnhof-Ost;1485;739;430;316;1205;280;123;93;64;395;220;49;82
31122018;2018;5711000010;Hammer-Mühle;6423;3608;1608;1207;5398;1025;523;353;149;1456;773;202;384
31122018;2018;5711000011;Königsbrügge (i.Betriebs. Sieker);4711;2519;1256;936;3859;852;451;295;106;1144;615;206;227
31122018;2018;5711000012;Brands Busch;1545;891;383;271;1331;214;111;74;29;379;176;31;68
31122018;2018;5711000013;Stauteiche (inkl. Großmarkt);2476;1222;676;578;2025;451;212;177;62;663;325;112;154
31122018;2018;5711000014;Heeper Fichten;5942;3337;1500;1105;4965;977;506;313;158;1310;691;242;362
31122018;2018;5711000015;Fuhrpark (inkl. Kammerratsheide);1779;975;457;347;1457;322;167;91;64;378;231;81;114
31122018;2018;5711000016;Bauerschaft Schildesche;819;355;237;227;613;206;92;72;42;208;153;52;51
31122018;2018;5711000117;Vorwerk Schildesche;3302;1420;982;900;2569;733;346;272;115;971;573;129;209
31122018;2018;5711000118;Schildesche;1215;586;361;268;1001;214;99;72;43;351;168;41;69
31122018;2018;5711000119;Johannesstift;1894;881;532;481;1507;387;192;136;59;529;305;69;110
31122018;2018;5711000120;Sudbrack;4932;2714;1295;923;4178;754;398;260;96;1239;579;149;251
31122018;2018;5711000121;Untertheesen;2971;1505;830;636;2484;487;263;162;62;854;382;84;146
31122018;2018;5711000122;Bültmannskrug;842;416;247;179;704;138;64;57;17;261;119;16;30
31122018;2018;5711000123;Gellershagen;3631;1963;945;723;2976;655;368;224;63;847;489;143;189
31122018;2018;5711000124;Bültmannshof;2339;1118;715;506;1914;425;195;187;43;671;325;80;145
31122018;2018;5711000125;Universität (inkl. Sieben Hügel);1187;712;346;129;1094;93;32;41;20;345;90;3;37
31122018;2018;5711000226;Johannistal;1384;677;403;304;1134;250;135;77;38;390;207;40;70
31122018;2018;5711000227;Bethel;1241;762;294;185;1107;134;69;49;16;253;93;37;96
31122018;2018;5711000228;Eggeweg (inkl. Osningpaß);2676;1378;674;624;2201;475;220;184;71;663;387;69;179
31122018;2018;5711000329;Rosenhöhe;1386;652;416;318;1147;239;118;88;33;427;184;40;83
31122018;2018;5711000330;Kammerich;3461;1714;886;861;2751;710;358;247;105;861;557;127;202
31122018;2018;5711000331;Frerks Hof;1566;792;411;363;1305;261;120;96;45;425;207;42;100
31122018;2018;5711000332;Brackwede-Mitte;1326;685;381;260;1110;216;115;69;32;364;157;49;71
31122018;2018;5711000333;Bahnhof-Brackwede;1576;714;444;418;1252;324;152;110;62;452;255;60;95
31122018;2018;5711000334;Kupferhammer;604;245;189;170;470;134;64;55;15;200;102;30;27
31122018;2018;5711000335;Brock (inkl. Südwestfeld);2175;891;664;620;1722;453;218;169;66;715;362;73;134
31122018;2018;5711000336;Ummeln (inkl. Holtkamp);3438;1418;1087;933;2726;712;376;232;104;1094;533;156;237
31122018;2018;5711000337;Kupferheide;1098;312;366;420;772;326;150;127;49;394;278;39;75
31122018;2018;5711000338;Quelle;3025;1152;923;950;2295;730;351;289;90;994;596;109;174
31122018;2018;5711000439;Hoberge-Uerentrup (i. Wolfskuhle);1833;765;588;480;1461;372;191;145;36;617;322;37;92
31122018;2018;5711000440;Pappelkrug (inkl. Wellensiek);2592;1311;743;538;2133;459;226;174;59;711;339;95;136
31122018;2018;5711000441;Großdornberg (inkl. Kirchdornberg);1549;736;467;346;1284;265;142;94;29;487;216;44;66
31122018;2018;5711000442;Babenhausen-Ost;1033;516;339;178;875;158;75;73;10;309;125;26;57
31122018;2018;5711000443;Babenhausen;1555;676;474;405;1258;297;138;119;40;508;260;31;80
31122018;2018;5711000444;Niederdornberg-Schröttinghausen;1188;360;436;392;915;273;146;99;28;483;213;41;91
31122018;2018;5711000545;Jöllenbeck-West;2495;911;848;736;2002;493;237;208;48;948;412;67;157
31122018;2018;5711000546;Jöllenbeck-Ost;3754;1291;1228;1235;2823;931;402;362;167;1292;749;147;275
31122018;2018;5711000547;Theesen;1957;749;698;510;1594;363;183;143;37;749;306;44;109
31122018;2018;5711000548;Vilsendorf;1864;674;575;615;1419;445;187;180;78;658;373;60;99
31122018;2018;5711000649;Grafenheide;1971;701;589;681;1476;495;224;187;84;672;407;74;117
31122018;2018;5711000650;Lämmkenstatt;1383;461;474;448;1044;339;158;126;55;513;281;43;85
31122018;2018;5711000651;Welscher (inkl. Jerrendorf);819;352;242;225;642;177;98;55;24;241;143;28;55
31122018;2018;5711000652;Baumheide (inkl. Halhof);3472;1360;1003;1109;2553;919;407;298;214;949;649;227;287
31122018;2018;5711000653;Milse;2527;750;808;969;1834;693;293;243;157;917;575;94;191
31122018;2018;5711000654;Altenhagen;2136;674;661;801;1561;575;269;196;110;757;453;93;159
31122018;2018;5711000655;Windwehe (inkl. Brönninghausen);2253;704;718;831;1666;587;257;232;98;834;514;56;145
31122018;2018;5711000656;Tieplatz;1144;556;330;258;944;200;104;66;30;318;150;32;88
31122018;2018;5711000657;Heeper Holz;3107;1345;995;767;2492;615;370;183;62;989;473;114;186
31122018;2018;5711000658;Oldentrup-West (i. Oldentrup-Ost);2091;767;648;676;1567;524;228;199;97;704;425;84;111
31122018;2018;5711000759;Dingerdissen;1566;482;494;590;1132;434;203;166;65;577;363;58;86
31122018;2018;5711000760;Ubbedissen (inkl. Lämershagen);1377;445;472;460;1049;328;151;133;44;524;286;32;90
31122018;2018;5711000761;Hillegossen;2581;991;807;783;2036;545;263;197;85;890;437;93;170
31122018;2018;5711000762;Stieghorst stb;4653;2011;1438;1204;3675;978;482;325;171;1425;735;204;278
31122018;2018;5711000763;Sieker;2443;959;662;822;1744;699;309;212;178;652;535;134;163
31122018;2018;5711000764;Rütli (inkl. Lonnerbach);2193;1034;643;516;1818;375;188;130;57;657;280;75;147
31122018;2018;5711000865;Dalbke;907;254;267;386;631;276;124;97;55;334;243;24;52
31122018;2018;5711000866;Eckardtsheim;1588;635;451;502;1228;360;153;139;68;507;290;59;97
31122018;2018;5711000867;Südstadt;1926;765;605;556;1452;474;198;178;98;573;341;106;141
31122018;2018;5711000868;Sennestadt (Sennest.-I.,Wrachtr.L.);5613;2476;1681;1456;4451;1162;558;399;205;1674;869;243;351
31122018;2018;5711000969;Schillingshof;1405;541;492;372;1157;248;131;91;26;524;201;38;101
31122018;2018;5711000970;Buschkamp (inkl. Togdrang);2975;1009;1040;926;2279;696;313;290;93;1118;607;74;167
31122018;2018;5711000971;Windelsbleiche;2958;1004;893;1061;2122;836;391;323;122;950;652;142;210
31122018;2018;5711000972;Windflöte;2170;873;644;653;1685;485;227;176;82;680;385;82;150
31122017;2017;5711000001;Alt- und Neustadt;1996;1401;430;165;1849;147;97;41;9;361;110;31;93
31122017;2017;5711000002;Kesselbrink;2004;1397;394;213;1830;174;104;50;20;344;134;31;98
31122017;2017;5711000003;Pauluskirche;2753;1750;594;409;2415;338;160;123;55;523;237;83;160
31122017;2017;5711000004;Dürkopp;1666;1052;365;249;1460;206;106;69;31;346;158;34;76
31122017;2017;5711000005;Landgericht;2164;1372;488;304;1904;260;161;75;24;444;188;58;102
31122017;2017;5711000006;Siegfriedplatz (inkl. Upmannstift);7039;4319;1637;1083;6100;939;535;327;77;1494;699;206;321
31122017;2017;5711000007;Nordpark;2443;1557;498;388;2105;338;180;104;54;427;234;86;139
31122017;2017;5711000008;Stadtwerke;1597;1028;343;226;1411;186;95;63;28;308;124;54;83
31122017;2017;5711000009;Güterbahnhof-Ost;1188;654;306;228;984;204;86;84;34;258;153;41;82
31122017;2017;5711000010;Hammer-Mühle;6408;3640;1568;1200;5389;1019;522;353;144;1417;776;201;374
31122017;2017;5711000011;Königsbrügge (i.Betriebs. Sieker);4666;2532;1217;917;3838;828;440;275;113;1117;594;197;226
31122017;2017;5711000012;Brands Busch;1567;920;382;265;1361;206;106;72;28;373;172;27;75
31122017;2017;5711000013;Stauteiche (inkl. Großmarkt);2495;1218;689;588;2031;464;226;173;65;671;335;115;156
31122017;2017;5711000014;Heeper Fichten;5945;3352;1502;1091;4975;970;514;303;153;1305;674;255;359
31122017;2017;5711000015;Fuhrpark (inkl. Kammerratsheide);1758;959;438;361;1434;324;165;97;62;380;243;73;103
31122017;2017;5711000016;Bauerschaft Schildesche;813;345;235;233;604;209;97;73;39;208;156;52;52
31122017;2017;5711000117;Vorwerk Schildesche;3265;1376;987;902;2516;749;362;286;101;970;574;142;203
31122017;2017;5711000118;Schildesche;1197;562;368;267;988;209;96;75;38;365;165;39;66
31122017;2017;5711000119;Johannesstift;1875;870;538;467;1500;375;177;138;60;539;294;69;103
31122017;2017;5711000120;Sudbrack;4896;2683;1302;911;4145;751;405;257;89;1230;573;149;261
31122017;2017;5711000121;Untertheesen;2960;1505;810;645;2483;477;243;173;61;853;381;75;146
31122017;2017;5711000122;Bültmannskrug;845;423;238;184;708;137;65;52;20;255;117;19;31
31122017;2017;5711000123;Gellershagen;3651;1962;978;711;2990;661;373;222;66;862;478;169;180
31122017;2017;5711000124;Bültmannshof;2363;1120;747;496;1933;430;213;177;40;677;320;93;153
31122017;2017;5711000125;Universität (inkl. Sieben Hügel);1227;728;354;145;1124;103;40;43;20;355;97;5;42
31122017;2017;5711000226;Johannistal;1390;682;421;287;1143;247;134;83;30;396;203;40;69
31122017;2017;5711000227;Bethel;1222;742;291;189;1088;134;68;47;19;233;89;41;117
31122017;2017;5711000228;Eggeweg (inkl. Osningpaß);2675;1362;681;632;2174;501;236;197;68;650;399;87;177
31122017;2017;5711000329;Rosenhöhe;1360;639;433;288;1148;212;109;75;28;437;162;41;81
31122017;2017;5711000330;Kammerich;3487;1759;869;859;2791;696;350;235;111;852;547;129;200
31122017;2017;5711000331;Frerks Hof;1574;791;423;360;1313;261;122;92;47;430;204;43;106
31122017;2017;5711000332;Brackwede-Mitte;1339;687;402;250;1124;215;117;70;28;371;155;55;71
31122017;2017;5711000333;Bahnhof-Brackwede;1580;717;437;426;1238;342;175;106;61;431;259;71;102
31122017;2017;5711000334;Kupferhammer;601;237;204;160;471;130;66;51;13;208;95;34;27
31122017;2017;5711000335;Brock (inkl. Südwestfeld);2169;867;666;636;1703;466;236;156;74;729;378;70;125
31122017;2017;5711000336;Ummeln (inkl. Holtkamp);3385;1361;1081;943;2687;698;349;244;105;1102;537;141;244
31122017;2017;5711000337;Kupferheide;1073;293;365;415;748;325;155;125;45;394;271;45;70
31122017;2017;5711000338;Quelle;3003;1148;905;950;2264;739;373;280;86;978;598;111;168
31122017;2017;5711000439;Hoberge-Uerentrup (i. Wolfskuhle);1778;720;568;490;1395;383;206;138;39;597;331;40;90
31122017;2017;5711000440;Pappelkrug (inkl. Wellensiek);2664;1355;745;564;2202;462;218;192;52;740;344;99;126
31122017;2017;5711000441;Großdornberg (inkl. Kirchdornberg);1549;727;465;357;1271;278;152;97;29;488;226;42;66
31122017;2017;5711000442;Babenhausen-Ost;1032;523;338;171;877;155;79;67;9;313;119;28;49
31122017;2017;5711000443;Babenhausen;1542;690;476;376;1286;256;117;103;36;521;224;26;81
31122017;2017;5711000444;Niederdornberg-Schröttinghausen;1170;360;434;376;909;261;139;91;31;474;202;37;97
31122017;2017;5711000545;Jöllenbeck-West;2468;875;857;736;1963;505;264;193;48;952;423;65;153
31122017;2017;5711000546;Jöllenbeck-Ost;3730;1291;1221;1218;2807;923;412;358;153;1275;745;146;273
31122017;2017;5711000547;Theesen;1975;746;690;539;1592;383;194;149;40;752;322;53;102
31122017;2017;5711000548;Vilsendorf;1805;653;542;610;1375;430;174;181;75;638;356;61;97
31122017;2017;5711000649;Grafenheide;1991;706;589;696;1482;509;221;206;82;670;410;88;117
31122017;2017;5711000650;Lämmkenstatt;1403;469;475;459;1056;347;166;124;57;513;290;43;88
31122017;2017;5711000651;Welscher (inkl. Jerrendorf);832;354;245;233;656;176;94;56;26;243;148;24;63
31122017;2017;5711000652;Baumheide (inkl. Halhof);3492;1358;1022;1112;2555;937;427;304;206;960;661;227;286
31122017;2017;5711000653;Milse;2558;781;798;979;1861;697;286;246;165;910;581;100;186
31122017;2017;5711000654;Altenhagen;2139;689;666;784;1558;581;266;214;101;741;459;100;150
31122017;2017;5711000655;Windwehe (inkl. Brönninghausen);2293;710;739;844;1673;620;285;224;111;833;537;63;150
31122017;2017;5711000656;Tieplatz;1132;548;340;244;936;196;106;62;28;319;150;30;85
31122017;2017;5711000657;Heeper Holz;3102;1355;989;758;2515;587;358;175;54;1007;454;106;180
31122017;2017;5711000658;Oldentrup-West (i. Oldentrup-Ost);2069;750;640;679;1540;529;238;190;101;692;417;94;116
31122017;2017;5711000759;Dingerdissen;1553;462;491;600;1125;428;196;163;69;595;361;56;79
31122017;2017;5711000760;Ubbedissen (inkl. Lämershagen);1379;449;464;466;1055;324;151;130;43;527;279;37;87
31122017;2017;5711000761;Hillegossen;2590;999;830;761;2042;548;255;205;88;899;423;101;168
31122017;2017;5711000762;Stieghorst stb;4674;2021;1442;1211;3693;981;482;330;169;1421;738;204;290
31122017;2017;5711000763;Sieker;2450;969;637;844;1728;722;302;239;181;635;559;142;145
31122017;2017;5711000764;Rütli (inkl. Lonnerbach);2185;1034;633;518;1816;369;181;134;54;654;274;79;144
31122017;2017;5711000865;Dalbke;901;264;258;379;629;272;120;87;65;323;241;20;53
31122017;2017;5711000866;Eckardtsheim;1620;636;472;512;1259;361;161;129;71;526;291;59;108
31122017;2017;5711000867;Südstadt;1937;789;600;548;1468;469;217;159;93;569;341;107;131
31122017;2017;5711000868;Sennestadt (Sennest.-I.,Wrachtr.L.);5521;2395;1685;1441;4370;1151;561;381;209;1686;848;249;343
31122017;2017;5711000969;Schillingshof;1401;526;493;382;1148;253;138;87;28;539;203;40;93
31122017;2017;5711000970;Buschkamp (inkl. Togdrang);2964;1027;1018;919;2281;683;309;281;93;1115;603;65;154
31122017;2017;5711000971;Windelsbleiche;2959;1020;878;1061;2102;857;397;339;121;923;679;145;192
31122017;2017;5711000972;Windflöte;2149;846;647;656;1673;476;226;172;78;697;382;76;148
31122016;2016;5711000001;Alt- und Neustadt;2000;1403;427;170;1844;156;99;49;8;365;120;34;78
31122016;2016;5711000002;Kesselbrink;1947;1384;381;182;1796;151;90;47;14;335;113;30;85
31122016;2016;5711000003;Pauluskirche;2774;1782;583;409;2425;349;164;130;55;517;244;89;142
31122016;2016;5711000004;Dürkopp;1676;1064;348;264;1459;217;116;69;32;336;158;45;73
31122016;2016;5711000005;Landgericht;2200;1395;492;313;1941;259;157;78;24;464;186;60;95
31122016;2016;5711000006;Siegfriedplatz (inkl. Upmannstift);7015;4333;1574;1108;6060;955;547;324;84;1470;726;198;288
31122016;2016;5711000007;Nordpark;2490;1596;511;383;2153;337;179;108;50;427;235;86;146
31122016;2016;5711000008;Stadtwerke;1636;1045;354;237;1441;195;100;69;26;312;131;52;96
31122016;2016;5711000009;Güterbahnhof-Ost;1168;672;282;214;984;184;81;72;31;242;137;40;77
31122016;2016;5711000010;Hammer-Mühle;6360;3658;1514;1188;5347;1013;519;357;137;1388;772;203;339
31122016;2016;5711000011;Königsbrügge (i.Betriebs. Sieker);4711;2579;1219;913;3862;849;465;266;118;1097;603;207;225
31122016;2016;5711000012;Brands Busch;1537;900;363;274;1329;208;101;81;26;371;175;24;67
31122016;2016;5711000013;Stauteiche (inkl. Großmarkt);2484;1204;699;581;2017;467;237;169;61;687;346;108;139
31122016;2016;5711000014;Heeper Fichten;5923;3372;1500;1051;4985;938;511;292;135;1321;651;252;327
31122016;2016;5711000015;Fuhrpark (inkl. Kammerratsheide);1743;942;443;358;1431;312;158;94;60;403;229;77;92
31122016;2016;5711000016;Bauerschaft Schildesche;872;381;253;238;662;210;95;75;40;230;151;53;57
31122016;2016;5711000117;Vorwerk Schildesche;3329;1422;1006;901;2578;751;382;266;103;986;569;143;209
31122016;2016;5711000118;Schildesche;1173;557;357;259;972;201;91;71;39;363;156;37;60
31122016;2016;5711000119;Johannesstift;1850;904;495;451;1497;353;184;123;46;511;287;54;94
31122016;2016;5711000120;Sudbrack;4900;2718;1292;890;4158;742;393;261;88;1217;566;143;256
31122016;2016;5711000121;Untertheesen;2959;1493;818;648;2462;497;256;177;64;845;396;79;146
31122016;2016;5711000122;Bültmannskrug;966;486;284;196;822;144;77;51;16;306;123;20;31
31122016;2016;5711000123;Gellershagen;3691;1967;992;732;3027;664;370;232;62;888;481;165;190
31122016;2016;5711000124;Bültmannshof;2332;1138;714;480;1909;423;211;178;34;650;318;87;139
31122016;2016;5711000125;Universität (inkl. Sieben Hügel);1202;722;340;140;1101;101;42;41;18;346;92;8;34
31122016;2016;5711000226;Johannistal;1377;671;419;287;1120;257;140;91;26;387;211;41;67
31122016;2016;5711000227;Bethel;1199;739;268;192;1059;140;73;45;22;222;96;37;105
31122016;2016;5711000228;Eggeweg (inkl. Osningpaß);2644;1335;705;604;2158;486;233;194;59;660;386;83;180
31122016;2016;5711000329;Rosenhöhe;1355;641;425;289;1145;210;109;73;28;435;164;37;78
31122016;2016;5711000330;Kammerich;3432;1725;866;841;2743;689;335;242;112;855;539;129;184
31122016;2016;5711000331;Frerks Hof;1587;810;420;357;1323;264;123;99;42;430;205;47;95
31122016;2016;5711000332;Brackwede-Mitte;1353;686;427;240;1157;196;106;71;19;402;141;51;73
31122016;2016;5711000333;Bahnhof-Brackwede;1551;694;444;413;1212;339;177;104;58;436;253;71;97
31122016;2016;5711000334;Kupferhammer;613;243;213;157;483;130;73;42;15;214;90;37;29
31122016;2016;5711000335;Brock (inkl. Südwestfeld);2166;845;692;629;1706;460;230;159;71;756;371;75;119
31122016;2016;5711000336;Ummeln (inkl. Holtkamp);3399;1407;1071;921;2735;664;338;243;83;1108;528;118;238
31122016;2016;5711000337;Kupferheide;1065;298;349;418;726;339;182;112;45;372;285;43;67
31122016;2016;5711000338;Quelle;2949;1171;851;927;2243;706;349;280;77;947;577;103;151
31122016;2016;5711000439;Hoberge-Uerentrup (i. Wolfskuhle);1815;758;580;477;1436;379;194;147;38;596;331;41;89
31122016;2016;5711000440;Pappelkrug (inkl. Wellensiek);2604;1302;735;567;2131;473;227;188;58;725;346;108;123
31122016;2016;5711000441;Großdornberg (inkl. Kirchdornberg);1538;715;465;358;1261;277;146;104;27;490;226;37;70
31122016;2016;5711000442;Babenhausen-Ost;1038;523;336;179;886;152;75;64;13;327;117;30;41
31122016;2016;5711000443;Babenhausen;1447;640;453;354;1199;248;119;101;28;491;209;34;73
31122016;2016;5711000444;Niederdornberg-Schröttinghausen;1162;350;443;369;895;267;142;91;34;470;215;35;92
31122016;2016;5711000545;Jöllenbeck-West;2483;903;831;749;1959;524;276;199;49;941;435;69;135
31122016;2016;5711000546;Jöllenbeck-Ost;3807;1337;1216;1254;2848;959;439;369;151;1280;772;157;261
31122016;2016;5711000547;Theesen;1992;755;698;539;1603;389;202;145;42;764;328;50;95
31122016;2016;5711000548;Vilsendorf;1821;686;536;599;1391;430;187;170;73;631;350;69;85
31122016;2016;5711000649;Grafenheide;1985;691;611;683;1481;504;224;195;85;680;402;92;120
31122016;2016;5711000650;Lämmkenstatt;1401;459;494;448;1050;351;172;121;58;516;283;53;90
31122016;2016;5711000651;Welscher (inkl. Jerrendorf);841;356;249;236;670;171;85;58;28;253;142;21;69
31122016;2016;5711000652;Baumheide (inkl. Halhof);3442;1321;1025;1096;2507;935;425;305;205;971;667;226;257
31122016;2016;5711000653;Milse;2553;803;769;981;1835;718;308;243;167;882;598;99;171
31122016;2016;5711000654;Altenhagen;2160;720;669;771;1583;577;267;213;97;739;461;101;139
31122016;2016;5711000655;Windwehe (inkl. Brönninghausen);2224;668;721;835;1592;632;306;218;108;805;545;70;136
31122016;2016;5711000656;Tieplatz;1152;560;353;239;962;190;97;64;29;333;153;26;80
31122016;2016;5711000657;Heeper Holz;3112;1370;994;748;2502;610;373;188;49;994;468;111;169
31122016;2016;5711000658;Oldentrup-West (i. Oldentrup-Ost);2123;783;659;681;1585;538;243;190;105;715;428;95;102
31122016;2016;5711000759;Dingerdissen;1553;452;493;608;1113;440;203;163;74;593;381;42;85
31122016;2016;5711000760;Ubbedissen (inkl. Lämershagen);1387;463;459;465;1066;321;152;129;40;518;283;30;93
31122016;2016;5711000761;Hillegossen;2565;978;810;777;2008;557;270;193;94;891;434;97;165
31122016;2016;5711000762;Stieghorst stb;4675;2032;1430;1213;3710;965;454;343;168;1448;729;193;273
31122016;2016;5711000763;Sieker;2500;1019;635;846;1768;732;308;242;182;643;575;126;137
31122016;2016;5711000764;Rütli (inkl. Lonnerbach);2176;1035;628;513;1793;383;211;120;52;634;288;73;146
31122016;2016;5711000865;Dalbke;917;274;254;389;642;275;121;93;61;334;241;20;48
31122016;2016;5711000866;Eckardtsheim;1621;629;490;502;1257;364;159;146;59;528;292;57;115
31122016;2016;5711000867;Südstadt;1931;801;596;534;1480;451;205;163;83;581;322;108;119
31122016;2016;5711000868;Sennestadt (Sennest.-I.,Wrachtr.L.);5549;2429;1677;1443;4395;1154;564;387;203;1683;850;255;332
31122016;2016;5711000969;Schillingshof;1394;520;483;391;1133;261;146;90;25;532;209;42;91
31122016;2016;5711000970;Buschkamp (inkl. Togdrang);2965;1032;1021;912;2285;680;332;259;89;1104;601;64;164
31122016;2016;5711000971;Windelsbleiche;2939;1040;847;1052;2091;848;396;335;117;905;665;139;190
31122016;2016;5711000972;Windflöte;2149;836;651;662;1660;489;229;178;82;692;399;73;149
31122015;2015;5711000001;Alt- und Neustadt;1971;1365;430;176;1818;153;99;46;8;374;113;35;84
31122015;2015;5711000002;Kesselbrink;1923;1356;395;172;1772;151;90;49;12;341;103;39;84
31122015;2015;5711000003;Pauluskirche;2766;1762;604;400;2421;345;172;119;54;547;241;86;130
31122015;2015;5711000004;Dürkopp;1619;1029;351;239;1411;208;110;66;32;314;146;50;80
31122015;2015;5711000005;Landgericht;2166;1376;491;299;1917;249;151;80;18;459;187;47;97
31122015;2015;5711000006;Siegfriedplatz (inkl. Upmannstift);7061;4390;1528;1143;6079;982;585;315;82;1417;739;208;307
31122015;2015;5711000007;Nordpark;2501;1607;502;392;2153;348;188;110;50;417;243;89;145
31122015;2015;5711000008;Stadtwerke;1585;1008;350;227;1392;193;104;58;31;305;132;50;90
31122015;2015;5711000009;Güterbahnhof-Ost;1136;662;270;204;953;183;86;69;28;225;133;42;74
31122015;2015;5711000010;Hammer-Mühle;6274;3608;1483;1183;5268;1006;536;347;123;1379;767;211;309
31122015;2015;5711000011;Königsbrügge (i.Betriebs. Sieker);4608;2510;1198;900;3787;821;445;268;108;1097;581;210;210
31122015;2015;5711000012;Brands Busch;1523;893;369;261;1330;193;85;86;22;378;164;20;68
31122015;2015;5711000013;Stauteiche (inkl. Großmarkt);2451;1187;706;558;1984;467;247;162;58;693;336;116;119
31122015;2015;5711000014;Heeper Fichten;5869;3369;1509;991;4974;895;482;282;131;1303;599;258;340
31122015;2015;5711000015;Fuhrpark (inkl. Kammerratsheide);1690;942;409;339;1401;289;146;88;55;373;207;71;97
31122015;2015;5711000016;Bauerschaft Schildesche;860;362;239;259;630;230;107;82;41;225;165;54;54
31122015;2015;5711000117;Vorwerk Schildesche;3268;1375;1008;885;2525;743;360;297;86;984;551;168;190
31122015;2015;5711000118;Schildesche;1161;555;358;248;977;184;86;59;39;368;145;32;61
31122015;2015;5711000119;Johannesstift;1839;893;517;429;1499;340;168;129;43;513;276;57;100
31122015;2015;5711000120;Sudbrack;4847;2689;1243;915;4101;746;396;268;82;1197;581;135;245
31122015;2015;5711000121;Untertheesen;2921;1489;776;656;2411;510;268;174;68;810;411;82;129
31122015;2015;5711000122;Bültmannskrug;953;450;312;191;804;149;86;43;20;320;123;23;37
31122015;2015;5711000123;Gellershagen;3680;1989;981;710;3032;648;353;231;64;871;473;162;185
31122015;2015;5711000124;Bültmannshof;2276;1119;691;466;1869;407;194;172;41;620;304;85;148
31122015;2015;5711000125;Universität (inkl. Sieben Hügel);1145;694;304;147;1041;104;47;40;17;310;97;7;37
31122015;2015;5711000226;Johannistal;1355;654;406;295;1095;260;136;95;29;376;209;45;71
31122015;2015;5711000227;Bethel;1200;729;270;201;1057;143;70;53;20;223;100;35;113
31122015;2015;5711000228;Eggeweg (inkl. Osningpaß);2644;1335;697;612;2165;479;226;192;61;661;378;87;183
31122015;2015;5711000329;Rosenhöhe;1334;629;407;298;1129;205;103;77;25;430;160;34;81
31122015;2015;5711000330;Kammerich;3399;1699;867;833;2712;687;344;234;109;835;542;122;201
31122015;2015;5711000331;Frerks Hof;1577;798;420;359;1320;257;127;99;31;439;200;49;91
31122015;2015;5711000332;Brackwede-Mitte;1331;675;420;236;1148;183;99;65;19;408;139;39;70
31122015;2015;5711000333;Bahnhof-Brackwede;1547;672;453;422;1194;353;183;122;48;438;269;72;96
31122015;2015;5711000334;Kupferhammer;601;237;208;156;475;126;66;50;10;214;93;30;27
31122015;2015;5711000335;Brock (inkl. Südwestfeld);2156;855;681;620;1697;459;234;152;73;738;365;85;113
31122015;2015;5711000336;Ummeln (inkl. Holtkamp);3420;1400;1095;925;2740;680;346;254;80;1144;524;135;217
31122015;2015;5711000337;Kupferheide;1045;293;344;408;711;334;180;109;45;364;277;40;71
31122015;2015;5711000338;Quelle;2905;1153;868;884;2221;684;353;252;79;936;558;102;156
31122015;2015;5711000439;Hoberge-Uerentrup (i. Wolfskuhle);1772;730;565;477;1389;383;189;154;40;582;332;43;85
31122015;2015;5711000440;Pappelkrug (inkl. Wellensiek);2708;1351;775;582;2221;487;238;188;61;767;365;105;120
31122015;2015;5711000441;Großdornberg (inkl. Kirchdornberg);1578;754;474;350;1300;278;158;102;18;489;227;39;69
31122015;2015;5711000442;Babenhausen-Ost;1022;511;325;186;866;156;74;67;15;323;125;24;39
31122015;2015;5711000443;Babenhausen;1426;632;438;356;1182;244;120;100;24;485;202;35;72
31122015;2015;5711000444;Niederdornberg-Schröttinghausen;1146;345;424;377;881;265;129;102;34;465;213;40;83
31122015;2015;5711000545;Jöllenbeck-West;2422;878;807;737;1895;527;288;193;46;908;443;67;126
31122015;2015;5711000546;Jöllenbeck-Ost;3783;1314;1227;1242;2836;947;427;376;144;1286;751;159;273
31122015;2015;5711000547;Theesen;1979;748;700;531;1591;388;205;144;39;751;328;50;102
31122015;2015;5711000548;Vilsendorf;1785;656;529;600;1348;437;204;171;62;626;364;60;79
31122015;2015;5711000649;Grafenheide;1946;645;606;695;1448;498;219;187;92;699;401;82;119
31122015;2015;5711000650;Lämmkenstatt;1415;471;481;463;1060;355;170;127;58;518;285;59;82
31122015;2015;5711000651;Welscher (inkl. Jerrendorf);813;345;246;222;642;171;89;55;27;250;141;23;54
31122015;2015;5711000652;Baumheide (inkl. Halhof);3447;1332;1047;1068;2545;902;425;284;193;993;634;220;268
31122015;2015;5711000653;Milse;2541;771;778;992;1816;725;321;248;156;904;602;103;161
31122015;2015;5711000654;Altenhagen;2137;684;683;770;1543;594;286;215;93;734;479;99;141
31122015;2015;5711000655;Windwehe (inkl. Brönninghausen);2297;721;731;845;1653;644;308;221;115;814;561;66;135
31122015;2015;5711000656;Tieplatz;1113;528;343;242;918;195;103;72;20;321;160;24;80
31122015;2015;5711000657;Heeper Holz;3158;1374;1046;738;2548;610;375;195;40;1029;460;128;167
31122015;2015;5711000658;Oldentrup-West (i. Oldentrup-Ost);2436;954;757;725;1867;569;239;210;120;809;452;98;123
31122015;2015;5711000759;Dingerdissen;1562;453;499;610;1104;458;216;157;85;583;392;52;82
31122015;2015;5711000760;Ubbedissen (inkl. Lämershagen);1416;476;466;474;1101;315;148;122;45;538;278;29;95
31122015;2015;5711000761;Hillegossen;2549;967;797;785;1990;559;274;201;84;876;452;84;170
31122015;2015;5711000762;Stieghorst stb;4666;2050;1433;1183;3707;959;461;331;167;1426;729;191;270
31122015;2015;5711000763;Sieker;2490;1011;655;824;1773;717;311;235;171;651;558;133;137
31122015;2015;5711000764;Rütli (inkl. Lonnerbach);2249;1111;625;513;1862;387;208;129;50;631;288;77;142
31122015;2015;5711000865;Dalbke;912;272;258;382;630;282;122;92;68;323;244;28;45
31122015;2015;5711000866;Eckardtsheim;1604;624;483;497;1232;372;169;137;66;511;308;53;108
31122015;2015;5711000867;Südstadt;1915;788;617;510;1478;437;209;153;75;598;306;113;110
31122015;2015;5711000868;Sennestadt (Sennest.-I.,Wrachtr.L.);5470;2358;1712;1400;4367;1103;512;404;187;1728;806;251;327
31122015;2015;5711000969;Schillingshof;1396;513;481;402;1125;271;154;92;25;543;216;41;83
31122015;2015;5711000970;Buschkamp (inkl. Togdrang);2963;1029;1029;905;2278;685;334;272;79;1094;593;65;182
31122015;2015;5711000971;Windelsbleiche;2885;1032;845;1008;2085;800;380;296;124;912;623;135;183
31122015;2015;5711000972;Windflöte;2128;822;645;661;1643;485;230;173;82;684;388;75;159
31122014;2014;5711000001;Alt- und Neustadt;2019;1429;411;179;1871;148;92;46;10;372;114;25;79
31122014;2014;5711000002;Kesselbrink;1911;1342;387;182;1753;158;99;46;13;341;109;42;77
31122014;2014;5711000003;Pauluskirche;2591;1629;564;398;2256;335;169;108;58;518;234;79;131
31122014;2014;5711000004;Dürkopp;1620;1008;367;245;1408;212;118;61;33;322;145;55;90
31122014;2014;5711000005;Landgericht;2193;1414;489;290;1939;254;158;77;19;444;184;58;93
31122014;2014;5711000006;Siegfriedplatz (inkl. Upmannstift);7025;4398;1511;1116;6053;972;588;305;79;1403;717;213;294
31122014;2014;5711000007;Nordpark;2397;1523;501;373;2046;351;200;106;45;404;236;98;136
31122014;2014;5711000008;Stadtwerke;1524;974;315;235;1333;191;105;54;32;289;130;50;81
31122014;2014;5711000009;Güterbahnhof-Ost;1075;611;268;196;894;181;93;57;31;234;126;44;60
31122014;2014;5711000010;Hammer-Mühle;6249;3610;1510;1129;5278;971;521;331;119;1395;723;210;311
31122014;2014;5711000011;Königsbrügge (i.Betriebs. Sieker);4660;2569;1199;892;3850;810;436;270;104;1093;562;218;218
31122014;2014;5711000012;Brands Busch;1509;865;381;263;1306;203;87;94;22;375;171;24;74
31122014;2014;5711000013;Stauteiche (inkl. Großmarkt);2418;1152;699;567;1944;474;257;172;45;690;336;118;122
31122014;2014;5711000014;Heeper Fichten;5724;3278;1460;986;4838;886;483;280;123;1268;599;257;322
31122014;2014;5711000015;Fuhrpark (inkl. Kammerratsheide);1663;933;397;333;1376;287;146;92;49;366;201;75;88
31122014;2014;5711000016;Bauerschaft Schildesche;833;345;234;254;614;219;110;72;37;228;163;50;47
31122014;2014;5711000117;Vorwerk Schildesche;3251;1392;986;873;2510;741;372;286;83;964;549;169;177
31122014;2014;5711000118;Schildesche;1178;566;372;240;999;179;81;67;31;369;140;30;73
31122014;2014;5711000119;Johannesstift;1814;902;491;421;1491;323;162;124;37;505;252;60;95
31122014;2014;5711000120;Sudbrack;4761;2636;1205;920;4006;755;400;277;78;1171;591;140;223
31122014;2014;5711000121;Untertheesen;2836;1421;761;654;2332;504;265;172;67;799;402;88;126
31122014;2014;5711000122;Bültmannskrug;946;441;318;187;795;151;85;49;17;317;128;20;40
31122014;2014;5711000123;Gellershagen;3646;1942;985;719;2984;662;365;235;62;878;473;171;182
31122014;2014;5711000124;Bültmannshof;2276;1077;720;479;1863;413;198;173;42;655;305;91;148
31122014;2014;5711000125;Universität (inkl. Sieben Hügel);1059;637;290;132;958;101;47;39;15;292;92;7;31
31122014;2014;5711000226;Johannistal;1341;657;395;289;1079;262;148;82;32;365;204;46;69
31122014;2014;5711000227;Bethel;1213;736;276;201;1061;152;72;61;19;228;106;37;106
31122014;2014;5711000228;Eggeweg (inkl. Osningpaß);2593;1295;694;604;2115;478;236;178;64;669;373;89;167
31122014;2014;5711000329;Rosenhöhe;1338;655;393;290;1132;206;104;80;22;409;150;42;82
31122014;2014;5711000330;Kammerich;3341;1629;867;845;2632;709;341;256;112;836;550;133;193
31122014;2014;5711000331;Frerks Hof;1584;806;418;360;1314;270;140;96;34;431;208;54;85
31122014;2014;5711000332;Brackwede-Mitte;1364;700;423;241;1178;186;96;69;21;414;141;41;68
31122014;2014;5711000333;Bahnhof-Brackwede;1489;661;437;391;1171;318;164;104;50;433;239;70;86
31122014;2014;5711000334;Kupferhammer;579;226;198;155;456;123;66;47;10;213;89;29;22
31122014;2014;5711000335;Brock (inkl. Südwestfeld);2134;823;687;624;1678;456;229;156;71;748;364;76;123
31122014;2014;5711000336;Ummeln (inkl. Holtkamp);3091;1167;1039;885;2452;639;335;242;62;1114;482;135;193
31122014;2014;5711000337;Kupferheide;982;285;313;384;683;299;164;102;33;348;247;37;65
31122014;2014;5711000338;Quelle;2890;1142;858;890;2178;712;349;285;78;899;575;108;166
31122014;2014;5711000439;Hoberge-Uerentrup (i. Wolfskuhle);1786;755;570;461;1413;373;182;153;38;584;321;44;82
31122014;2014;5711000440;Pappelkrug (inkl. Wellensiek);2654;1290;767;597;2156;498;257;181;60;759;369;113;123
31122014;2014;5711000441;Großdornberg (inkl. Kirchdornberg);1508;683;470;355;1228;280;156;106;18;486;224;45;70
31122014;2014;5711000442;Babenhausen-Ost;1029;506;332;191;872;157;75;64;18;329;123;28;43
31122014;2014;5711000443;Babenhausen;1457;650;443;364;1213;244;120;98;26;495;206;34;72
31122014;2014;5711000444;Niederdornberg-Schröttinghausen;1134;353;416;365;894;240;108;102;30;475;200;30;76
31122014;2014;5711000545;Jöllenbeck-West;2397;859;798;740;1867;530;284;198;48;897;444;68;129
31122014;2014;5711000546;Jöllenbeck-Ost;3737;1275;1224;1238;2795;942;428;371;143;1289;751;150;272
31122014;2014;5711000547;Theesen;1926;719;660;547;1539;387;194;158;35;734;329;47;97
31122014;2014;5711000548;Vilsendorf;1763;636;520;607;1315;448;198;180;70;611;373;68;75
31122014;2014;5711000649;Grafenheide;1956;641;606;709;1428;528;242;192;94;692;427;82;114
31122014;2014;5711000650;Lämmkenstatt;1389;445;466;478;1030;359;168;130;61;521;288;60;75
31122014;2014;5711000651;Welscher (inkl. Jerrendorf);806;347;238;221;640;166;80;62;24;246;137;26;50
31122014;2014;5711000652;Baumheide (inkl. Halhof);3399;1277;1047;1075;2506;893;411;290;192;1014;624;215;269
31122014;2014;5711000653;Milse;2496;750;764;982;1776;720;324;248;148;894;590;107;155
31122014;2014;5711000654;Altenhagen;2088;665;678;745;1517;571;276;203;92;732;458;97;136
31122014;2014;5711000655;Windwehe (inkl. Brönninghausen);2263;682;717;864;1609;654;305;231;118;824;567;69;121
31122014;2014;5711000656;Tieplatz;1092;524;332;236;910;182;91;73;18;325;149;24;70
31122014;2014;5711000657;Heeper Holz;3113;1322;1026;765;2498;615;377;192;46;1043;474;120;154
31122014;2014;5711000658;Oldentrup-West (i. Oldentrup-Ost);1975;698;616;661;1475;500;230;183;87;695;405;79;98
31122014;2014;5711000759;Dingerdissen;1527;433;482;612;1058;469;221;165;83;564;401;55;74
31122014;2014;5711000760;Ubbedissen (inkl. Lämershagen);1383;441;482;460;1073;310;150;118;42;549;266;34;93
31122014;2014;5711000761;Hillegossen;2547;955;793;799;1988;559;277;195;87;891;454;82;165
31122014;2014;5711000762;Stieghorst stb;4604;1969;1454;1181;3656;948;457;332;159;1461;723;185;266
31122014;2014;5711000763;Sieker;2466;980;640;846;1757;709;318;231;160;671;565;117;133
31122014;2014;5711000764;Rütli (inkl. Lonnerbach);2146;1029;609;508;1769;377;200;128;49;623;285;68;141
31122014;2014;5711000865;Dalbke;833;225;235;373;554;279;119;94;66;303;242;26;37
31122014;2014;5711000866;Eckardtsheim;1604;628;470;506;1233;371;169;132;70;504;308;51;113
31122014;2014;5711000867;Südstadt;1882;762;611;509;1452;430;211;150;69;604;307;104;105
31122014;2014;5711000868;Sennestadt (Sennest.-I.,Wrachtr.L.);5488;2317;1770;1401;4369;1119;543;395;181;1764;805;269;333
31122014;2014;5711000969;Schillingshof;1364;500;458;406;1101;263;139;98;26;536;218;35;75
31122014;2014;5711000970;Buschkamp (inkl. Togdrang);2930;1024;1001;905;2247;683;349;262;72;1089;588;66;163
31122014;2014;5711000971;Windelsbleiche;2751;998;801;952;2012;739;360;264;115;883;591;118;161
31122014;2014;5711000972;Windflöte;2090;816;633;641;1609;481;235;169;77;672;387;77;138
31122013;2013;5711000001;Alt- und Neustadt;2003;1443;406;154;1871;132;78;43;11;358;99;28;75
31122013;2013;5711000002;Kesselbrink;1758;1211;358;189;1602;156;96;44;16;318;110;34;85
31122013;2013;5711000003;Pauluskirche;2637;1654;580;403;2299;338;168;109;61;526;243;79;135
31122013;2013;5711000004;Dürkopp;1588;994;338;256;1378;210;117;59;34;310;151;48;85
31122013;2013;5711000005;Landgericht;2161;1391;475;295;1910;251;148;78;25;429;183;56;102
31122013;2013;5711000006;Siegfriedplatz (inkl. Upmannstift);6987;4384;1497;1106;6018;969;581;307;81;1385;714;210;294
31122013;2013;5711000007;Nordpark;2394;1507;508;379;2047;347;185;118;44;429;239;94;125
31122013;2013;5711000008;Stadtwerke;1491;940;325;226;1301;190;110;51;29;298;134;47;72
31122013;2013;5711000009;Güterbahnhof-Ost;1051;587;265;199;881;170;86;48;36;235;116;44;69
31122013;2013;5711000010;Hammer-Mühle;6239;3537;1571;1131;5262;977;528;321;128;1440;730;213;319
31122013;2013;5711000011;Königsbrügge (i.Betriebs. Sieker);4607;2496;1199;912;3794;813;423;287;103;1103;557;230;221
31122013;2013;5711000012;Brands Busch;1519;872;378;269;1302;217;100;93;24;372;186;28;61
31122013;2013;5711000013;Stauteiche (inkl. Großmarkt);2378;1133;697;548;1928;450;245;160;45;686;329;101;129
31122013;2013;5711000014;Heeper Fichten;5701;3243;1460;998;4815;886;471;294;121;1279;608;246;325
31122013;2013;5711000015;Fuhrpark (inkl. Kammerratsheide);1646;914;399;333;1360;286;137;101;48;358;210;67;97
31122013;2013;5711000016;Bauerschaft Schildesche;832;368;237;227;628;204;98;71;35;222;155;44;43
31122013;2013;5711000117;Vorwerk Schildesche;3216;1407;940;869;2502;714;359;279;76;943;545;145;176
31122013;2013;5711000118;Schildesche;1181;548;386;247;987;194;94;69;31;371;146;35;81
31122013;2013;5711000119;Johannesstift;1801;913;472;416;1478;323;165;121;37;484;263;51;90
31122013;2013;5711000120;Sudbrack;4770;2591;1263;916;4031;739;382;271;86;1222;565;159;233
31122013;2013;5711000121;Untertheesen;2835;1414;787;634;2329;506;263;175;68;798;403;88;132
31122013;2013;5711000122;Bültmannskrug;904;403;315;186;753;151;82;53;16;312;132;16;41
31122013;2013;5711000123;Gellershagen;3610;1929;979;702;2971;639;347;233;59;878;469;155;179
31122013;2013;5711000124;Bültmannshof;2336;1134;739;463;1939;397;199;154;44;669;297;83;153
31122013;2013;5711000125;Universität (inkl. Sieben Hügel);1173;711;337;125;1078;95;42;38;15;330;84;8;40
31122013;2013;5711000226;Johannistal;1365;681;382;302;1098;267;153;82;32;361;203;50;70
31122013;2013;5711000227;Bethel;1218;758;254;206;1059;159;74;65;20;212;111;37;100
31122013;2013;5711000228;Eggeweg (inkl. Osningpaß);2530;1240;680;610;2045;485;245;180;60;653;374;93;170
31122013;2013;5711000329;Rosenhöhe;1327;637;400;290;1117;210;108;76;26;413;154;42;81
31122013;2013;5711000330;Kammerich;3284;1623;825;836;2591;693;341;245;107;822;549;124;166
31122013;2013;5711000331;Frerks Hof;1572;785;433;354;1309;263;129;94;40;456;199;56;76
31122013;2013;5711000332;Brackwede-Mitte;1306;656;405;245;1132;174;90;64;20;410;130;36;74
31122013;2013;5711000333;Bahnhof-Brackwede;1508;663;442;403;1169;339;169;120;50;425;251;83;86
31122013;2013;5711000334;Kupferhammer;584;224;198;162;449;135;73;50;12;208;101;32;19
31122013;2013;5711000335;Brock (inkl. Südwestfeld);2104;814;661;629;1641;463;234;157;72;728;385;62;115
31122013;2013;5711000336;Ummeln (inkl. Holtkamp);3021;1106;1009;906;2365;656;350;243;63;1093;508;124;190
31122013;2013;5711000337;Kupferheide;936;265;316;355;658;278;153;101;24;342;223;38;68
31122013;2013;5711000338;Quelle;2877;1148;828;901;2158;719;334;309;76;874;583;105;167
31122013;2013;5711000439;Hoberge-Uerentrup (i. Wolfskuhle);1785;751;566;468;1418;367;176;159;32;590;320;38;86
31122013;2013;5711000440;Pappelkrug (inkl. Wellensiek);2584;1228;748;608;2078;506;262;189;55;751;372;113;120
31122013;2013;5711000441;Großdornberg (inkl. Kirchdornberg);1500;675;456;369;1213;287;159;110;18;473;228;46;78
31122013;2013;5711000442;Babenhausen-Ost;1011;487;339;185;855;156;78;60;18;333;121;32;38
31122013;2013;5711000443;Babenhausen;1417;597;456;364;1171;246;126;95;25;506;206;34;74
31122013;2013;5711000444;Niederdornberg-Schröttinghausen;1134;355;402;377;886;248;113;109;26;470;210;29;70
31122013;2013;5711000545;Jöllenbeck-West;2399;835;809;755;1857;542;287;207;48;913;458;68;125
31122013;2013;5711000546;Jöllenbeck-Ost;3774;1322;1209;1243;2818;956;429;378;149;1288;769;151;244
31122013;2013;5711000547;Theesen;1937;727;663;547;1553;384;197;149;38;742;322;51;95
31122013;2013;5711000548;Vilsendorf;1759;627;529;603;1303;456;212;169;75;612;366;72;82
31122013;2013;5711000649;Grafenheide;1944;637;580;727;1397;547;254;204;89;665;448;75;119
31122013;2013;5711000650;Lämmkenstatt;1412;457;481;474;1054;358;166;131;61;530;287;62;76
31122013;2013;5711000651;Welscher (inkl. Jerrendorf);802;357;235;210;649;153;78;54;21;245;127;23;50
31122013;2013;5711000652;Baumheide (inkl. Halhof);3425;1270;1057;1098;2533;892;431;271;190;1044;642;193;276
31122013;2013;5711000653;Milse;2473;747;755;971;1756;717;329;245;143;877;594;96;159
31122013;2013;5711000654;Altenhagen;2074;674;679;721;1518;556;275;193;88;727;446;91;136
31122013;2013;5711000655;Windwehe (inkl. Brönninghausen);2158;609;684;865;1504;654;297;233;124;800;576;61;112
31122013;2013;5711000656;Tieplatz;1085;515;335;235;906;179;87;75;17;337;136;34;63
31122013;2013;5711000657;Heeper Holz;3101;1297;1034;770;2500;601;350;203;48;1069;464;115;156
31122013;2013;5711000658;Oldentrup-West (i. Oldentrup-Ost);1964;693;620;651;1464;500;230;185;85;686;394;92;99
31122013;2013;5711000759;Dingerdissen;1520;422;468;630;1051;469;208;176;85;572;409;48;69
31122013;2013;5711000760;Ubbedissen (inkl. Lämershagen);1364;440;466;458;1054;310;156;113;41;527;268;33;96
31122013;2013;5711000761;Hillegossen;2556;961;790;805;1987;569;299;186;84;894;460;84;157
31122013;2013;5711000762;Stieghorst stb;4633;1989;1455;1189;3681;952;468;338;146;1474;724;186;260
31122013;2013;5711000763;Sieker;2415;961;622;832;1716;699;309;225;165;649;564;108;133
31122013;2013;5711000764;Rütli (inkl. Lonnerbach);2136;1023;602;511;1750;386;213;130;43;615;298;66;134
31122013;2013;5711000865;Dalbke;826;222;233;371;558;268;107;100;61;306;236;24;38
31122013;2013;5711000866;Eckardtsheim;1631;672;462;497;1267;364;167;133;64;505;299;55;100
31122013;2013;5711000867;Südstadt;1882;769;616;497;1459;423;215;140;68;604;305;101;103
31122013;2013;5711000868;Sennestadt (Sennest.-I.,Wrachtr.L.);5482;2344;1762;1376;4371;1111;570;373;168;1741;810;267;320
31122013;2013;5711000969;Schillingshof;1356;496;448;412;1086;270;142;99;29;524;224;37;75
31122013;2013;5711000970;Buschkamp (inkl. Togdrang);2917;1001;1025;891;2255;662;336;256;70;1114;571;71;160
31122013;2013;5711000971;Windelsbleiche;2722;966;789;967;1963;759;375;260;124;877;605;121;153
31122013;2013;5711000972;Windflöte;2078;800;621;657;1579;499;241;183;75;662;392;91;133
31122012;2012;5711000001;Alt- und Neustadt;1965;1402;397;166;1823;142;83;44;15;340;99;35;89
31122012;2012;5711000002;Kesselbrink;1622;1097;330;195;1464;158;100;39;19;292;112;34;87
31122012;2012;5711000003;Pauluskirche;2477;1499;584;394;2142;335;163;119;53;529;233;85;131
31122012;2012;5711000004;Dürkopp;1547;947;323;277;1329;218;119;68;31;309;147;51;93
31122012;2012;5711000005;Landgericht;2131;1370;467;294;1870;261;151;83;27;407;182;62;110
31122012;2012;5711000006;Siegfriedplatz (inkl. Upmannstift);6902;4277;1514;1111;5888;1014;614;308;92;1366;686;277;296
31122012;2012;5711000007;Nordpark;2373;1478;522;373;2022;351;182;124;45;434;229;100;132
31122012;2012;5711000008;Stadtwerke;1461;896;337;228;1260;201;116;46;39;296;137;55;77
31122012;2012;5711000009;Güterbahnhof-Ost;966;540;236;190;809;157;73;48;36;210;109;37;70
31122012;2012;5711000010;Hammer-Mühle;6160;3459;1584;1117;5215;945;516;321;108;1465;667;236;333
31122012;2012;5711000011;Königsbrügge (i.Betriebs. Sieker);4613;2493;1229;891;3784;829;448;279;102;1082;556;242;240
31122012;2012;5711000012;Brands Busch;1469;822;375;272;1256;213;99;88;26;370;178;31;68
31122012;2012;5711000013;Stauteiche (inkl. Großmarkt);2350;1102;718;530;1906;444;239;163;42;690;314;112;132
31122012;2012;5711000014;Heeper Fichten;5663;3195;1420;1048;4737;926;509;297;120;1259;601;278;330
31122012;2012;5711000015;Fuhrpark (inkl. Kammerratsheide);1622;885;404;333;1337;285;132;102;51;366;196;75;100
31122012;2012;5711000016;Bauerschaft Schildesche;820;353;241;226;612;208;110;65;33;226;152;48;41
31122012;2012;5711000117;Vorwerk Schildesche;3200;1386;939;875;2497;703;345;270;88;954;523;157;180
31122012;2012;5711000118;Schildesche;1099;486;369;244;905;194;97;67;30;353;140;45;75
31122012;2012;5711000119;Johannesstift;1722;846;457;419;1396;326;166;121;39;469;257;58;92
31122012;2012;5711000120;Sudbrack;4720;2535;1271;914;3985;735;380;278;77;1233;550;165;237
31122012;2012;5711000121;Untertheesen;2789;1377;783;629;2287;502;268;175;59;791;393;88;140
31122012;2012;5711000122;Bültmannskrug;907;407;306;194;756;151;85;49;17;309;129;15;47
31122012;2012;5711000123;Gellershagen;3573;1883;959;731;2929;644;351;235;58;878;469;155;188
31122012;2012;5711000124;Bültmannshof;2265;1070;741;454;1858;407;217;149;41;663;289;95;148
31122012;2012;5711000125;Universität (inkl. Sieben Hügel);1162;669;365;128;1067;95;44;39;12;359;84;7;43
31122012;2012;5711000226;Johannistal;1358;657;392;309;1083;275;149;99;27;359;197;60;85
31122012;2012;5711000227;Bethel;1167;692;273;202;1022;145;67;59;19;236;103;32;104
31122012;2012;5711000228;Eggeweg (inkl. Osningpaß);2509;1212;687;610;2021;488;254;165;69;651;358;107;181
31122012;2012;5711000329;Rosenhöhe;1292;609;390;293;1085;207;106;72;29;410;152;44;77
31122012;2012;5711000330;Kammerich;3262;1597;840;825;2573;689;341;242;106;834;534;127;170
31122012;2012;5711000331;Frerks Hof;1546;761;439;346;1288;258;121;102;35;457;195;57;76
31122012;2012;5711000332;Brackwede-Mitte;1308;655;407;246;1127;181;98;64;19;409;132;39;73
31122012;2012;5711000333;Bahnhof-Brackwede;1473;642;420;411;1141;332;165;118;49;426;245;75;85
31122012;2012;5711000334;Kupferhammer;579;206;198;175;439;140;80;51;9;213;107;29;24
31122012;2012;5711000335;Brock (inkl. Südwestfeld);2104;799;684;621;1649;455;233;147;75;743;373;64;125
31122012;2012;5711000336;Ummeln (inkl. Holtkamp);2968;1061;994;913;2316;652;341;249;62;1091;495;124;197
31122012;2012;5711000337;Kupferheide;916;234;326;356;644;272;130;116;26;353;214;42;73
31122012;2012;5711000338;Quelle;2849;1098;840;911;2134;715;332;309;74;895;564;118;174
31122012;2012;5711000439;Hoberge-Uerentrup (i. Wolfskuhle);1768;733;570;465;1406;362;179;151;32;598;303;46;88
31122012;2012;5711000440;Pappelkrug (inkl. Wellensiek);2579;1199;749;631;2049;530;272;198;60;750;377;124;129
31122012;2012;5711000441;Großdornberg (inkl. Kirchdornberg);1504;668;473;363;1219;285;154;108;23;484;226;46;80
31122012;2012;5711000442;Babenhausen-Ost;1001;483;336;182;852;149;72;60;17;334;116;30;38
31122012;2012;5711000443;Babenhausen;1393;579;469;345;1155;238;118;94;26;505;191;34;84
31122012;2012;5711000444;Niederdornberg-Schröttinghausen;1129;326;418;385;875;254;112;113;29;487;210;30;76
31122012;2012;5711000545;Jöllenbeck-West;2397;831;782;784;1831;566;307;208;51;890;468;81;127
31122012;2012;5711000546;Jöllenbeck-Ost;3623;1197;1194;1232;2699;924;425;357;142;1293;724;161;248
31122012;2012;5711000547;Theesen;1927;704;671;552;1527;400;204;151;45;740;333;58;92
31122012;2012;5711000548;Vilsendorf;1750;601;537;612;1277;473;222;179;72;611;376;78;84
31122012;2012;5711000649;Grafenheide;1954;629;574;751;1390;564;253;216;95;672;454;85;114
31122012;2012;5711000650;Lämmkenstatt;1396;439;479;478;1035;361;164;140;57;533;280;69;75
31122012;2012;5711000651;Welscher (inkl. Jerrendorf);805;345;244;216;652;153;90;45;18;259;130;18;53
31122012;2012;5711000652;Baumheide (inkl. Halhof);3411;1215;1081;1115;2498;913;448;274;191;1065;634;220;277
31122012;2012;5711000653;Milse;2494;733;781;980;1773;721;338;239;144;898;579;108;176
31122012;2012;5711000654;Altenhagen;2046;639;674;733;1493;553;257;214;82;741;435;96;135
31122012;2012;5711000655;Windwehe (inkl. Brönninghausen);2121;581;678;862;1475;646;287;234;125;806;560;63;111
31122012;2012;5711000656;Tieplatz;1043;487;310;246;847;196;102;73;21;306;145;42;63
31122012;2012;5711000657;Heeper Holz;3098;1263;1067;768;2510;588;340;194;54;1092;452;118;173
31122012;2012;5711000658;Oldentrup-West (i. Oldentrup-Ost);1941;673;610;658;1438;503;227;195;81;680;393;91;104
31122012;2012;5711000759;Dingerdissen;1505;404;452;649;1019;486;210;186;90;556;415;52;78
31122012;2012;5711000760;Ubbedissen (inkl. Lämershagen);1362;432;467;463;1058;304;149;118;37;539;249;33;109
31122012;2012;5711000761;Hillegossen;2512;904;794;814;1939;573;291;202;80;895;443;99;171
31122012;2012;5711000762;Stieghorst stb;4701;2006;1508;1187;3751;950;475;322;153;1509;704;209;273
31122012;2012;5711000763;Sieker;2374;894;654;826;1699;675;287;241;147;689;535;114;142
31122012;2012;5711000764;Rütli (inkl. Lonnerbach);2142;1024;603;515;1745;397;213;137;47;614;296;79;129
31122012;2012;5711000865;Dalbke;834;230;229;375;561;273;116;92;65;298;240;24;42
31122012;2012;5711000866;Eckardtsheim;1621;662;453;506;1247;374;159;138;77;490;314;46;109
31122012;2012;5711000867;Südstadt;1834;724;605;505;1414;420;215;135;70;600;302;93;115
31122012;2012;5711000868;Sennestadt (Sennest.-I.,Wrachtr.L.);5388;2265;1774;1349;4308;1080;538;371;171;1763;777;254;329
31122012;2012;5711000969;Schillingshof;1368;492;457;419;1094;274;142;104;28;530;224;40;82
31122012;2012;5711000970;Buschkamp (inkl. Togdrang);2869;969;1002;898;2205;664;344;240;80;1098;563;75;164
31122012;2012;5711000971;Windelsbleiche;2663;911;793;959;1923;740;366;259;115;882;590;117;163
31122012;2012;5711000972;Windflöte;2031;759;620;652;1544;487;233;178;76;669;373;89;141
31122011;2011;5711000001;Alt- und Neustadt;1952;1362;417;173;1813;139;81;45;13;369;94;36;91
31122011;2011;5711000002;Kesselbrink;1699;1192;320;187;1544;155;93;46;16;276;108;36;87
31122011;2011;5711000003;Pauluskirche;2618;1624;601;393;2275;343;176;111;56;531;231;87;145
31122011;2011;5711000004;Dürkopp;1530;947;308;275;1303;227;124;73;30;292;155;50;86
31122011;2011;5711000005;Landgericht;2162;1403;465;294;1891;271;164;77;30;396;185;72;106
31122011;2011;5711000006;Siegfriedplatz (inkl. Upmannstift);6917;4303;1505;1109;5914;1003;613;298;92;1353;685;264;312
31122011;2011;5711000007;Nordpark;2453;1522;548;383;2088;365;194;128;43;445;228;109;149
31122011;2011;5711000008;Stadtwerke;1512;954;322;236;1311;201;110;59;32;296;135;52;75
31122011;2011;5711000009;Güterbahnhof-Ost;944;542;227;175;795;149;64;48;37;198;102;36;66
31122011;2011;5711000010;Hammer-Mühle;6069;3445;1548;1076;5164;905;502;300;103;1416;633;234;341
31122011;2011;5711000011;Königsbrügge (i.Betriebs. Sieker);4587;2471;1230;886;3767;820;449;274;97;1079;550;237;250
31122011;2011;5711000012;Brands Busch;1450;795;380;275;1240;210;91;94;25;383;172;33;67
31122011;2011;5711000013;Stauteiche (inkl. Großmarkt);2354;1106;711;537;1914;440;251;143;46;702;319;100;127
31122011;2011;5711000014;Heeper Fichten;5718;3265;1426;1027;4800;918;519;283;116;1266;586;288;313
31122011;2011;5711000015;Fuhrpark (inkl. Kammerratsheide);1624;882;401;341;1337;287;143;90;54;365;197;77;103
31122011;2011;5711000016;Bauerschaft Schildesche;819;358;246;215;624;195;105;63;27;222;143;48;48
31122011;2011;5711000117;Vorwerk Schildesche;3153;1334;942;877;2459;694;352;254;88;962;524;141;192
31122011;2011;5711000118;Schildesche;1096;489;356;251;894;202;113;58;31;336;146;44;81
31122011;2011;5711000119;Johannesstift;1716;834;464;418;1388;328;162;125;41;468;255;64;95
31122011;2011;5711000120;Sudbrack;4684;2515;1264;905;3935;749;400;274;75;1210;547;181;231
31122011;2011;5711000121;Untertheesen;2740;1312;787;641;2239;501;254;186;61;808;396;90;134
31122011;2011;5711000122;Bültmannskrug;780;348;246;186;635;145;74;55;16;253;115;25;39
31122011;2011;5711000123;Gellershagen;3672;1942;999;731;3032;640;347;222;71;904;463;157;206
31122011;2011;5711000124;Bültmannshof;2130;998;690;442;1723;407;219;149;39;610;290;97;135
31122011;2011;5711000125;Universität (inkl. Sieben Hügel);811;419;271;121;725;86;39;36;11;276;74;9;33
31122011;2011;5711000226;Johannistal;1354;660;393;301;1090;264;149;88;27;360;193;57;84
31122011;2011;5711000227;Bethel;1094;672;214;208;936;158;70;70;18;185;116;34;87
31122011;2011;5711000228;Eggeweg (inkl. Osningpaß);2558;1267;684;607;2073;485;235;179;71;652;359;104;176
31122011;2011;5711000329;Rosenhöhe;1308;614;403;291;1098;210;106;78;26;420;158;43;73
31122011;2011;5711000330;Kammerich;3311;1637;854;820;2644;667;333;233;101;848;521;121;184
31122011;2011;5711000331;Frerks Hof;1548;764;439;345;1286;262;121;101;40;457;195;58;74
31122011;2011;5711000332;Brackwede-Mitte;1299;656;396;247;1109;190;113;58;19;403;143;37;60
31122011;2011;5711000333;Bahnhof-Brackwede;1431;609;418;404;1103;328;155;122;51;429;246;71;76
31122011;2011;5711000334;Kupferhammer;562;192;195;175;428;134;80;41;13;214;108;23;25
31122011;2011;5711000335;Brock (inkl. Südwestfeld);2074;779;692;603;1636;438;217;154;67;754;352;71;118
31122011;2011;5711000336;Ummeln (inkl. Holtkamp);2958;1076;961;921;2301;657;326;263;68;1067;506;120;189
31122011;2011;5711000337;Kupferheide;906;231;323;352;631;275;136;114;25;343;216;47;69
31122011;2011;5711000338;Quelle;2904;1157;817;930;2164;740;338;322;80;879;589;128;151
31122011;2011;5711000439;Hoberge-Uerentrup (i. Wolfskuhle);1736;709;563;464;1369;367;186;147;34;587;303;52;85
31122011;2011;5711000440;Pappelkrug (inkl. Wellensiek);2749;1330;775;644;2219;530;265;199;66;781;382;122;134
31122011;2011;5711000441;Großdornberg (inkl. Kirchdornberg);1533;677;498;358;1250;283;151;109;23;509;226;45;76
31122011;2011;5711000442;Babenhausen-Ost;1008;476;347;185;855;153;81;60;12;342;116;31;43
31122011;2011;5711000443;Babenhausen;1448;629;468;351;1208;240;131;83;26;507;190;37;85
31122011;2011;5711000444;Niederdornberg-Schröttinghausen;1137;338;411;388;886;251;114;106;31;489;210;30;70
31122011;2011;5711000545;Jöllenbeck-West;2383;821;791;771;1817;566;302;206;58;879;469;83;131
31122011;2011;5711000546;Jöllenbeck-Ost;3575;1143;1190;1242;2641;934;434;353;147;1297;730;164;241
31122011;2011;5711000547;Theesen;1903;672;686;545;1514;389;192;155;42;756;321;59;95
31122011;2011;5711000548;Vilsendorf;1753;599;517;637;1267;486;231;182;73;594;392;79;89
31122011;2011;5711000649;Grafenheide;1920;597;587;736;1363;557;246;214;97;672;453;81;117
31122011;2011;5711000650;Lämmkenstatt;1392;432;471;489;1015;377;181;143;53;526;290;74;70
31122011;2011;5711000651;Welscher (inkl. Jerrendorf);798;329;259;210;649;149;87;42;20;272;120;23;54
31122011;2011;5711000652;Baumheide (inkl. Halhof);3374;1191;1087;1096;2485;889;427;271;191;1083;622;221;257
31122011;2011;5711000653;Milse;2483;732;764;987;1754;729;340;246;143;879;589;109;174
31122011;2011;5711000654;Altenhagen;2080;653;667;760;1504;576;266;228;82;732;443;114;138
31122011;2011;5711000655;Windwehe (inkl. Brönninghausen);2058;551;645;862;1417;641;275;244;122;785;554;66;102
31122011;2011;5711000656;Tieplatz;1065;505;318;242;868;197;106;73;18;308;149;43;60
31122011;2011;5711000657;Heeper Holz;3066;1232;1053;781;2474;592;324;218;50;1090;455;118;171
31122011;2011;5711000658;Oldentrup-West (i. Oldentrup-Ost);1938;675;608;655;1446;492;225;190;77;680;390;83;110
31122011;2011;5711000759;Dingerdissen;1509;421;435;653;1015;494;213;180;101;540;424;58;66
31122011;2011;5711000760;Ubbedissen (inkl. Lämershagen);1358;424;482;452;1045;313;158;115;40;535;248;44;107
31122011;2011;5711000761;Hillegossen;2562;951;815;796;1987;575;292;205;78;900;435;105;171
31122011;2011;5711000762;Stieghorst stb;4654;1951;1499;1204;3710;944;477;320;147;1527;706;198;272
31122011;2011;5711000763;Sieker;2385;910;616;859;1692;693;288;252;153;666;546;114;149
31122011;2011;5711000764;Rütli (inkl. Lonnerbach);2136;1004;614;518;1755;381;183;145;53;637;292;70;133
31122011;2011;5711000865;Dalbke;825;223;228;374;547;278;114;99;65;292;246;28;36
31122011;2011;5711000866;Eckardtsheim;1498;541;451;506;1125;373;160;137;76;490;308;48;111
31122011;2011;5711000867;Südstadt;1816;690;626;500;1399;417;218;128;71;608;306;93;119
31122011;2011;5711000868;Sennestadt (Sennest.-I.,Wrachtr.L.);5396;2318;1742;1336;4326;1070;537;360;173;1735;777;254;312
31122011;2011;5711000969;Schillingshof;1346;462;445;439;1059;287;145;107;35;529;230;45;80
31122011;2011;5711000970;Buschkamp (inkl. Togdrang);2873;977;1025;871;2220;653;338;232;83;1108;556;75;157
31122011;2011;5711000971;Windelsbleiche;2687;913;810;964;1935;752;373;261;118;890;619;108;157
31122011;2011;5711000972;Windflöte;2024;755;619;650;1544;480;233;169;78;669;369;90;141
31122010;2010;5711000001;Alt- und Neustadt;1965;1381;407;177;1806;159;107;41;11;351;104;46;83
31122010;2010;5711000002;Kesselbrink;1690;1170;337;183;1541;149;91;42;16;303;100;34;83
31122010;2010;5711000003;Pauluskirche;2540;1538;608;394;2196;344;177;116;51;541;232;82;147
31122010;2010;5711000004;Dürkopp;1495;933;302;260;1277;218;119;65;34;277;149;54;82
31122010;2010;5711000005;Landgericht;2132;1370;458;304;1857;275;165;81;29;401;191;70;100
31122010;2010;5711000006;Siegfriedplatz (inkl. Upmannstift);6843;4233;1500;1110;5835;1008;611;313;84;1345;693;261;311
31122010;2010;5711000007;Nordpark;2444;1522;540;382;2076;368;197;122;49;436;231;113;142
31122010;2010;5711000008;Stadtwerke;1511;949;321;241;1305;206;111;65;30;298;137;55;72
31122010;2010;5711000009;Güterbahnhof-Ost;892;516;199;177;742;150;68;50;32;181;101;37;57
31122010;2010;5711000010;Hammer-Mühle;6032;3386;1544;1102;5111;921;511;296;114;1425;653;233;335
31122010;2010;5711000011;Königsbrügge (i.Betriebs. Sieker);4570;2447;1211;912;3732;838;446;292;100;1070;548;245;260
31122010;2010;5711000012;Brands Busch;1419;807;357;255;1222;197;94;81;22;361;159;32;60
31122010;2010;5711000013;Stauteiche (inkl. Großmarkt);2325;1092;712;521;1898;427;236;154;37;706;311;94;122
31122010;2010;5711000014;Heeper Fichten;5619;3137;1437;1045;4707;912;518;285;109;1299;586;281;316
31122010;2010;5711000015;Fuhrpark (inkl. Kammerratsheide);1597;838;423;336;1299;298;150;94;54;362;199;89;109
31122010;2010;5711000016;Bauerschaft Schildesche;820;334;264;222;621;199;104;67;28;240;133;58;55
31122010;2010;5711000117;Vorwerk Schildesche;3154;1308;949;897;2440;714;361;263;90;964;552;126;204
31122010;2010;5711000118;Schildesche;1091;485;351;255;896;195;105;59;31;344;143;39;80
31122010;2010;5711000119;Johannesstift;1690;821;446;423;1363;327;167;125;35;445;258;55;111
31122010;2010;5711000120;Sudbrack;4670;2514;1245;911;3932;738;402;257;79;1220;556;163;217
31122010;2010;5711000121;Untertheesen;2728;1286;776;666;2224;504;261;184;59;823;391;96;132
31122010;2010;5711000122;Bültmannskrug;781;347;239;195;623;158;84;62;12;242;121;31;40
31122010;2010;5711000123;Gellershagen;3641;1904;1013;724;2999;642;350;216;76;907;459;158;213
31122010;2010;5711000124;Bültmannshof;2100;978;679;443;1710;390;203;143;44;619;273;98;132
31122010;2010;5711000125;Universität (inkl. Sieben Hügel);730;390;223;117;645;85;46;30;9;224;73;9;34
31122010;2010;5711000226;Johannistal;1346;657;370;319;1068;278;150;97;31;342;200;62;85
31122010;2010;5711000227;Bethel;1092;657;221;214;924;168;75;70;23;180;126;35;94
31122010;2010;5711000228;Eggeweg (inkl. Osningpaß);2522;1221;680;621;2028;494;243;183;68;656;367;104;174
31122010;2010;5711000329;Rosenhöhe;1299;590;411;298;1084;215;110;79;26;433;167;43;66
31122010;2010;5711000330;Kammerich;3292;1590;869;833;2604;688;342;236;110;860;533;131;178
31122010;2010;5711000331;Frerks Hof;1551;766;432;353;1282;269;132;96;41;446;197;59;83
31122010;2010;5711000332;Brackwede-Mitte;1313;676;398;239;1136;177;94;65;18;417;139;30;51
31122010;2010;5711000333;Bahnhof-Brackwede;1416;620;388;408;1087;329;157;125;47;405;249;65;77
31122010;2010;5711000334;Kupferhammer;539;184;185;170;417;122;77;36;9;208;108;12;27
31122010;2010;5711000335;Brock (inkl. Südwestfeld);2070;756;691;623;1608;462;236;152;74;743;370;76;125
31122010;2010;5711000336;Ummeln (inkl. Holtkamp);2937;1046;941;950;2266;671;329;271;71;1060;521;117;193
31122010;2010;5711000337;Kupferheide;896;235;314;347;616;280;143;112;25;326;219;48;68
31122010;2010;5711000338;Quelle;2883;1105;833;945;2125;758;347;319;92;897;609;127;145
31122010;2010;5711000439;Hoberge-Uerentrup (i. Wolfskuhle);1733;704;579;450;1366;367;185;148;34;584;297;56;92
31122010;2010;5711000440;Pappelkrug (inkl. Wellensiek);2672;1267;737;668;2149;523;265;189;69;777;377;109;142
31122010;2010;5711000441;Großdornberg (inkl. Kirchdornberg);1503;653;477;373;1223;280;143;114;23;499;228;38;85
31122010;2010;5711000442;Babenhausen-Ost;998;460;346;192;841;157;80;65;12;347;124;28;39
31122010;2010;5711000443;Babenhausen;1476;642;468;366;1233;243;130;90;23;524;191;38;81
31122010;2010;5711000444;Niederdornberg-Schröttinghausen;1115;313;406;396;857;258;114;111;33;482;217;32;71
31122010;2010;5711000545;Jöllenbeck-West;2379;816;776;787;1783;596;322;210;64;857;487;94;125
31122010;2010;5711000546;Jöllenbeck-Ost;3511;1074;1169;1268;2554;957;423;385;149;1281;755;157;244
31122010;2010;5711000547;Theesen;1876;658;676;542;1486;390;191;163;36;740;320;58;100
31122010;2010;5711000548;Vilsendorf;1731;569;508;654;1245;486;216;187;83;594;396;78;94
31122010;2010;5711000649;Grafenheide;1909;579;581;749;1339;570;259;216;95;674;453;94;109
31122010;2010;5711000650;Lämmkenstatt;1330;407;450;473;975;355;176;132;47;514;281;62;66
31122010;2010;5711000651;Welscher (inkl. Jerrendorf);802;329;253;220;641;161;97;44;20;264;128;21;60
31122010;2010;5711000652;Baumheide (inkl. Halhof);3347;1154;1096;1097;2473;874;405;291;178;1108;620;213;252
31122010;2010;5711000653;Milse;2444;698;730;1016;1708;736;328;265;143;869;595;104;178
31122010;2010;5711000654;Altenhagen;2029;602;660;767;1463;566;263;222;81;736;444;104;143
31122010;2010;5711000655;Windwehe (inkl. Brönninghausen);2062;558;642;862;1405;657;283;253;121;778;563;77;86
31122010;2010;5711000656;Tieplatz;1049;494;311;244;859;190;98;74;18;309;146;37;63
31122010;2010;5711000657;Heeper Holz;3034;1182;1046;806;2439;595;313;231;51;1112;474;106;160
31122010;2010;5711000658;Oldentrup-West (i. Oldentrup-Ost);1941;690;594;657;1447;494;216;199;79;666;399;82;104
31122010;2010;5711000759;Dingerdissen;1515;419;440;656;1015;500;212;190;98;544;437;48;67
31122010;2010;5711000760;Ubbedissen (inkl. Lämershagen);1335;395;482;458;1027;308;156;108;44;547;250;42;101
31122010;2010;5711000761;Hillegossen;2514;914;778;822;1934;580;294;206;80;880;449;93;178
31122010;2010;5711000762;Stieghorst stb;4593;1893;1484;1216;3628;965;487;332;146;1529;714;207;250
31122010;2010;5711000763;Sieker;2353;885;616;852;1668;685;291;246;148;663;547;105;153
31122010;2010;5711000764;Rütli (inkl. Lonnerbach);2138;986;637;515;1761;377;177;145;55;671;283;72;126
31122010;2010;5711000865;Dalbke;801;214;211;376;520;281;109;103;69;276;254;22;35
31122010;2010;5711000866;Eckardtsheim;1492;531;442;519;1113;379;162;142;75;494;323;43;101
31122010;2010;5711000867;Südstadt;1781;661;623;497;1388;393;181;145;67;624;305;74;117
31122010;2010;5711000868;Sennestadt (Sennest.-I.,Wrachtr.L.);5377;2263;1754;1360;4283;1094;565;354;175;1750;803;240;321
31122010;2010;5711000969;Schillingshof;1333;438;444;451;1036;297;157;110;30;537;237;44;77
31122010;2010;5711000970;Buschkamp (inkl. Togdrang);2832;937;1007;888;2163;669;335;247;87;1097;567;77;154
31122010;2010;5711000971;Windelsbleiche;2637;863;802;972;1877;760;374;278;108;892;611;116;155
31122010;2010;5711000972;Windflöte;1972;720;587;665;1507;465;222;170;73;665;371;68;148
31122009;2009;5711000001;Alt- und Neustadt;1933;1352;407;174;1776;157;108;36;13;353;112;38;78
31122009;2009;5711000002;Kesselbrink;1681;1132;342;207;1524;157;91;50;16;311;104;38;96
31122009;2009;5711000003;Pauluskirche;2505;1522;582;401;2177;328;167;113;48;523;229;77;154
31122009;2009;5711000004;Dürkopp;1629;1056;311;262;1405;224;118;68;38;275;152;60;86
31122009;2009;5711000005;Landgericht;2145;1356;492;297;1876;269;156;89;24;422;178;77;112
31122009;2009;5711000006;Siegfriedplatz (inkl. Upmannstift);6887;4263;1513;1111;5880;1007;594;329;84;1336;690;273;325
31122009;2009;5711000007;Nordpark;2497;1538;584;375;2128;369;194;116;59;458;220;125;156
31122009;2009;5711000008;Stadtwerke;1572;961;368;243;1363;209;111;63;35;331;139;63;78
31122009;2009;5711000009;Güterbahnhof-Ost;899;492;214;193;734;165;83;48;34;194;115;42;56
31122009;2009;5711000010;Hammer-Mühle;5994;3326;1559;1109;5077;917;490;307;120;1449;654;224;341
31122009;2009;5711000011;Königsbrügge (i.Betriebs. Sieker);4564;2447;1196;921;3739;825;441;282;102;1077;534;249;257
31122009;2009;5711000012;Brands Busch;1674;1017;390;267;1467;207;101;82;24;385;169;33;70
31122009;2009;5711000013;Stauteiche (inkl. Großmarkt);2308;1068;719;521;1895;413;220;154;39;722;309;85;124
31122009;2009;5711000014;Heeper Fichten;5637;3139;1453;1045;4718;919;527;303;89;1326;594;283;295
31122009;2009;5711000015;Fuhrpark (inkl. Kammerratsheide);1597;822;427;348;1278;319;167;96;56;365;213;95;102
31122009;2009;5711000016;Bauerschaft Schildesche;801;328;249;224;593;208;126;58;24;230;144;50;49
31122009;2009;5711000117;Vorwerk Schildesche;3193;1330;955;908;2469;724;371;263;90;971;555;124;213
31122009;2009;5711000118;Schildesche;1140;514;374;252;936;204;107;65;32;359;147;41;79
31122009;2009;5711000119;Johannesstift;1849;952;479;418;1527;322;175;112;35;465;247;64;121
31122009;2009;5711000120;Sudbrack;4648;2477;1240;931;3901;747;412;259;76;1221;557;169;224
31122009;2009;5711000121;Untertheesen;2747;1287;801;659;2245;502;263;182;57;843;387;93;137
31122009;2009;5711000122;Bültmannskrug;893;398;296;199;725;168;89;67;12;296;129;32;38
31122009;2009;5711000123;Gellershagen;3657;1944;981;732;3013;644;355;217;72;889;448;163;213
31122009;2009;5711000124;Bültmannshof;2299;1093;770;436;1917;382;209;135;38;705;264;99;138
31122009;2009;5711000125;Universität (inkl. Sieben Hügel);1117;628;362;127;1031;86;41;33;12;368;77;5;39
31122009;2009;5711000226;Johannistal;1363;687;362;314;1094;269;139;103;27;334;195;61;86
31122009;2009;5711000227;Bethel;1846;1252;344;250;1674;172;80;69;23;270;132;29;163
31122009;2009;5711000228;Eggeweg (inkl. Osningpaß);2520;1228;677;615;2039;481;235;181;65;655;354;105;178
31122009;2009;5711000329;Rosenhöhe;1407;677;421;309;1182;225;118;78;29;441;172;51;66
31122009;2009;5711000330;Kammerich;3369;1657;880;832;2687;682;344;229;109;884;539;120;169
31122009;2009;5711000331;Frerks Hof;1524;743;416;365;1257;267;131;103;33;449;203;50;79
31122009;2009;5711000332;Brackwede-Mitte;1340;690;404;246;1153;187;107;58;22;426;144;34;46
31122009;2009;5711000333;Bahnhof-Brackwede;1429;609;408;412;1099;330;148;131;51;427;257;63;73
31122009;2009;5711000334;Kupferhammer;548;201;180;167;429;119;70;42;7;203;102;15;27
31122009;2009;5711000335;Brock (inkl. Südwestfeld);2072;755;707;610;1617;455;229;159;67;747;364;77;129
31122009;2009;5711000336;Ummeln (inkl. Holtkamp);3046;1116;960;970;2368;678;316;292;70;1086;524;125;195
31122009;2009;5711000337;Kupferheide;903;253;304;346;618;285;143;108;34;319;218;52;61
31122009;2009;5711000338;Quelle;2858;1057;845;956;2079;779;359;323;97;906;622;135;138
31122009;2009;5711000439;Hoberge-Uerentrup (i. Wolfskuhle);1754;727;580;447;1403;351;165;154;32;605;284;57;81
31122009;2009;5711000440;Pappelkrug (inkl. Wellensiek);2705;1285;730;690;2184;521;252;207;62;800;378;115;127
31122009;2009;5711000441;Großdornberg (inkl. Kirchdornberg);1513;657;477;379;1224;289;151;111;27;498;229;50;79
31122009;2009;5711000442;Babenhausen-Ost;986;452;343;191;837;149;71;67;11;350;117;28;39
31122009;2009;5711000443;Babenhausen;1465;617;479;369;1224;241;127;93;21;533;189;40;86
31122009;2009;5711000444;Niederdornberg-Schröttinghausen;1126;319;394;413;863;263;116;111;36;491;220;38;58
31122009;2009;5711000545;Jöllenbeck-West;2355;778;765;812;1745;610;321;224;65;854;497;97;129
31122009;2009;5711000546;Jöllenbeck-Ost;3686;1250;1177;1259;2748;938;425;361;152;1303;747;145;241
31122009;2009;5711000547;Theesen;1859;653;669;537;1467;392;205;149;38;732;313;62;99
31122009;2009;5711000548;Vilsendorf;1727;581;487;659;1231;496;217;195;84;572;402;77;95
31122009;2009;5711000649;Grafenheide;1866;574;557;735;1310;556;242;216;98;652;464;75;101
31122009;2009;5711000650;Lämmkenstatt;1303;382;453;468;938;365;192;124;49;499;285;71;66
31122009;2009;5711000651;Welscher (inkl. Jerrendorf);791;314;250;227;627;164;96;54;14;268;132;22;55
31122009;2009;5711000652;Baumheide (inkl. Halhof);3415;1200;1075;1140;2531;884;389;307;188;1123;637;200;255
31122009;2009;5711000653;Milse;2449;682;729;1038;1672;777;345;281;151;846;632;109;180
31122009;2009;5711000654;Altenhagen;2036;600;673;763;1450;586;271;234;81;726;464;104;142
31122009;2009;5711000655;Windwehe (inkl. Brönninghausen);2271;748;661;862;1644;627;255;260;112;819;540;64;100
31122009;2009;5711000656;Tieplatz;1121;547;330;244;932;189;93;76;20;328;149;35;62
31122009;2009;5711000657;Heeper Holz;3077;1211;1058;808;2472;605;325;224;56;1117;482;107;160
31122009;2009;5711000658;Oldentrup-West (i. Oldentrup-Ost);1917;670;596;651;1419;498;219;197;82;662;404;82;99
31122009;2009;5711000759;Dingerdissen;1513;417;433;663;997;516;220;194;102;531;449;51;65
31122009;2009;5711000760;Ubbedissen (inkl. Lämershagen);1400;478;483;439;1109;291;150;108;33;550;230;43;99
31122009;2009;5711000761;Hillegossen;2470;880;772;818;1893;577;303;198;76;870;445;95;180
31122009;2009;5711000762;Stieghorst stb;4745;1995;1509;1241;3776;969;495;317;157;1564;727;202;257
31122009;2009;5711000763;Sieker;2318;847;609;862;1631;687;300;249;138;659;558;101;153
31122009;2009;5711000764;Rütli (inkl. Lonnerbach);2146;984;634;528;1752;394;197;141;56;664;302;75;121
31122009;2009;5711000865;Dalbke;811;200;225;386;516;295;110;110;75;281;266;24;40
31122009;2009;5711000866;Eckardtsheim;1733;705;468;560;1335;398;169;148;81;503;335;50;140
31122009;2009;5711000867;Südstadt;1778;634;632;512;1375;403;196;151;56;640;312;73;119
31122009;2009;5711000868;Sennestadt (Sennest.-I.,Wrachtr.L.);5569;2407;1784;1378;4479;1090;562;355;173;1802;808;227;325
31122009;2009;5711000969;Schillingshof;1453;553;450;450;1161;292;155;109;28;543;239;39;79
31122009;2009;5711000970;Buschkamp (inkl. Togdrang);2800;895;1038;867;2145;655;325;243;87;1111;559;73;162
31122009;2009;5711000971;Windelsbleiche;2600;847;779;974;1847;753;370;275;108;897;613;108;135
31122009;2009;5711000972;Windflöte;1966;694;595;677;1485;481;226;183;72;676;383;77;136
